Country Name;Country Code;Indicator Name;Indicator Code;1960;1961;1962;1963;1964;1965;1966;1967;1968;1969;1970;1971;1972;1973;1974;1975;1976;1977;1978;1979;1980;1981;1982;1983;1984;1985;1986;1987;1988;1989;1990;1991;1992;1993;1994;1995;1996;1997;1998;1999;2000;2001;2002;2003;2004;2005;2006;2007;2008;2009;2010;2011;2012;2013;2014;2015;2016;2017;2018;2019;2020;2021;2022;2023
Aruba;ABW;Hospital beds (per 1,000 people);SH.MED.BEDS.ZS;;;;;;;;;;;;;;;;;;;;;;;;;;;;;;;;;;;;;;;;;;;;;;;;;;;;;;;;;;;;;;;;
Africa Eastern and Southern;AFE;Hospital beds (per 1,000 people);SH.MED.BEDS.ZS;1,973289;;;;;;;;;;1,725942048;;;;;;;;;;;;;;;;;;;;1,011876794;;;;;;;;;;;;;;;;0,894870707;;;;;;;;;;;;;;;;;
Afghanistan;AFG;Hospital beds (per 1,000 people);SH.MED.BEDS.ZS;0,170626998;;;;;;;;;;0,199000001;;;;;;;;;;;0,275599986;;;;;;0,309100002;;;0,249799997;;;;;;;;;;0,3;0,39;0,39;0,39;0,39;0,42;0,42;0,42;0,42;0,42;0,43;0,45;0,47;0,46;0,46;0,44;0,45;0,42;0,4;0,38;0,34;0,36;;
Africa Western and Central;AFW;Hospital beds (per 1,000 people);SH.MED.BEDS.ZS;0,786552156;;;;;;;;;;0,974116502;;;;;0,843071898;;;;;;;;;;;;;;;1,468794285;;;;;;;;;;;;;;;;;;;;;;;;;;;;;;;;;
Angola;AGO;Hospital beds (per 1,000 people);SH.MED.BEDS.ZS;2,061461687;;;;;;;;;;2,720999956;;;;;;;;;;;;;;;;;;;;1,291300058;;;;;;;;;;;;;;;0,8;;;;;;;;;;;;;;0,75;;;;
Albania;ALB;Hospital beds (per 1,000 people);SH.MED.BEDS.ZS;5,102675915;;;;;;;;;;;;;;;;;;;;4,271699905;4,187099934;4,160699844;4,086200237;4,138999939;4,138800144;4,069699764;3,970000029;3,935499907;4,132100105;4,02489996;3,998699904;4,013400078;3,831399918;3,017100096;3,190000057;3,140000105;3,049999952;3,049999952;3,029999971;3,19;3,17;3,1;3,08;3,07;3,06;3,11;3,09;3,08;3;2,99;2,89;2,89;2,9;2,88;2,85;2,84;2,84;2,84;2,85;2,91;;;
Andorra;AND;Hospital beds (per 1,000 people);SH.MED.BEDS.ZS;;;;;;;;;;;;;;;;;;;;;;;;;;;;;;;;;;;;;3,180000067;3;3,089999914;3,200000048;3,19;2,52;3,46;3,15;2,68;2,58;2,57;2,75;2,81;2,5;;;;;;;;;;;;;;
Arab World;ARB;Hospital beds (per 1,000 people);SH.MED.BEDS.ZS;1,945666686;;;;;;;;;;1,914292513;;;;;1,567648878;;;;;;1,708450421;;;;;;;;;1,765132337;;;;;;;;;;1,540106041;1,488172024;1,509198914;1,529777515;1,534909029;1,507507897;1,606946782;1,484748519;1,45653929;1,406388076;1,381140654;1,401045512;1,386403206;1,355037516;1,353361949;1,359186812;1,336414424;1,308926094;1,330253493;1,271682532;1,303821508;;;
United Arab Emirates;ARE;Hospital beds (per 1,000 people);SH.MED.BEDS.ZS;;;;;;;;;;;;;;;;;;;;;2,849499941;2,875099897;;;;;;;;;2,640000105;;3,060499907;;;;2,640000105;;;;2,11;2,13;2,12;2,15;1,95;1,43;1,88;1,42;1,26;1,15;1,04;1,06;1,11;1,12;1,2;1,39;1,4;1,48;1,63;1,87;1,94;1,98;;
Argentina;ARG;Hospital beds (per 1,000 people);SH.MED.BEDS.ZS;6,352250576;;;;;;;;;;5,585800171;;;;;;;;;;;;;;;;;;;;4,594299793;;;4,599999905;;;3,289999962;;;;4,1;;;;;4;;;;;4,5;4,41;4,6;4,8;4,86;4,97;4,97;5,02;3,71;3,71;3,2;3,34;;
Armenia;ARM;Hospital beds (per 1,000 people);SH.MED.BEDS.ZS;;;;;;;;;;;;;;;;;;;;;8,395400047;8,578399658;8,682800293;8,548100471;8,660099983;8,699199677;9,024200439;8,996600151;9,190400124;9,03579998;9,094799995;8,529299736;8,367699623;8,214699745;7,765999794;7,639999867;7,130000114;6,75;6,659999847;6,199999809;6,56;5,16;4,5;4,61;4,65;4,71;4,72;4,37;4,14;4,07;4,13;4,18;4,2;4,23;4,33;4,35;4,36;4,37;4,28;4,18;4,59;;;
American Samoa;ASM;Hospital beds (per 1,000 people);SH.MED.BEDS.ZS;;;;;;;;;;;;;;;;;;;;;;;;;;;;;;;;;;;;;;;;;;;;;;;;;;;;;;;;;;;;;;;;
Antigua and Barbuda;ATG;Hospital beds (per 1,000 people);SH.MED.BEDS.ZS;7,706421852;;;;;;;;;;6,53000021;;;;;;;;;;;;;;;;;;;;6,599999905;;;6,104800224;;;3,880000114;;;;;2,6;2,3;2,5;2,4;2,4;2,4;2;1,7;2,2;2,2;2,13;;3,98;3,93;4,01;3,36;3,24;;;3,29;;;
Australia;AUS;Hospital beds (per 1,000 people);SH.MED.BEDS.ZS;11,19999981;11,30000019;11,39999962;11,69999981;11,80000019;11,89999962;11,80000019;11,80000019;11,80000019;11,69999981;11,69999981;11,60000038;11,80000019;11,80000019;12;11,89999962;11,89999962;12,10000038;12,10000038;12,19999981;12,30000019;12,19999981;12,10000038;11,89999962;11,69999981;10,89999962;;10,5;;9,800000191;;9,199999809;8,899999619;8,899999619;8,699999809;8,699999809;8,5;8,300000191;8,199999809;7,900000095;4,04;3,96;3,94;3,97;4;3,9;3,92;;3,82;3,78;3,78;3,78;3,75;3,74;3,79;3,82;3,84;;;;;;;
Austria;AUT;Hospital beds (per 1,000 people);SH.MED.BEDS.ZS;10,80000019;;;;;;;;;;10,80000019;;;;;;;;;;11,19999981;;;;;10,89999962;10,80000019;10,69999981;10,60000038;10,39999962;10,19999981;9,899999619;9,699999809;9,399999619;9,5;9,399999619;9,300000191;9,199999809;9;8,899999619;7,95;7,85;7,81;7,73;7,74;7,69;7,66;7,75;7,69;7,68;7,65;7,68;7,67;7,64;7,58;7,54;7,42;7,37;7,27;7,19;7,06;;;
Azerbaijan;AZE;Hospital beds (per 1,000 people);SH.MED.BEDS.ZS;;;;;;;;;;;;;;;;;;;;;9,745200157;;;;;9,896800041;9,841099739;9,882100105;9,966300011;10,20440006;10,09920025;10,02089977;10,54279995;10,48750019;10,07059956;10,02000046;9,81000042;9,609999657;9,06000042;8,899999619;7,62;7,45;7,32;7,17;7,13;7,1;6,96;6,83;6,71;6,58;4,46;4,07;4,1;4,13;4,29;4,08;4,08;3,94;3,9;3,9;;;;
Burundi;BDI;Hospital beds (per 1,000 people);SH.MED.BEDS.ZS;1,122407317;;;;;;;;;;1,280599952;;;;;1,123200059;;;;;;;;;;;0,679199994;;;;;0,663100004;;;;;;;;;;;;;;;0,7;;;;;;1,02;0,73;0,71;;;;;;;;;
Belgium;BEL;Hospital beds (per 1,000 people);SH.MED.BEDS.ZS;;;;;;;;;;;8,300000191;;;;;;;;;;9,399999619;;;;;9,100000381;;;;;8;7,900000095;7,699999809;7,699999809;7,599999905;;;7,199999809;7,199999809;7,099999905;6,71;6,61;6,52;6,51;6,46;6,41;6,33;6,25;6,24;6,15;6,13;6,1;6,03;5,96;5,87;5,85;5,77;5,66;5,61;5,56;5,52;5,48;;
Benin;BEN;Hospital beds (per 1,000 people);SH.MED.BEDS.ZS;1,225748777;;;;;;;;;;1,154899955;;;;;;;;;;1,464900017;1,131199956;;;;0,359600008;;;;;0,833899975;0,500500023;0,223100007;0,239099994;0,233600006;;;;;;;;;;;0,5;;;;;0,45;0,49;0,48;0,47;0,46;0,44;0,43;0,44;0,46;0,42;0,47;0,45;;
Burkina Faso;BFA;Hospital beds (per 1,000 people);SH.MED.BEDS.ZS;0,523758113;;;;;;;;;;0,571500003;;;;;;;;;;;;;;;;;;;0,306400001;0,299299985;;;;;1,299999952;1,419999957;;;;;;;;;;0,9;;;;0,4;;;;;;;;;;0,2;;;
Bangladesh;BGD;Hospital beds (per 1,000 people);SH.MED.BEDS.ZS;;;;;;;;;;;0,155100003;;;;;;;;;;0,215800002;0,225199997;;;;0,287800014;;;;;0,304199994;0,308099985;;;0,304899991;;;;;0,300000012;;0,3;0,34;;;0,3;;0,36;0,38;0,5;0,55;0,55;0,63;0,59;0,6;0,77;0,8;0,85;0,88;0,88;;;;
Bulgaria;BGR;Hospital beds (per 1,000 people);SH.MED.BEDS.ZS;6,213677406;;;;;;;;;;;;;;;;;;;;8,850600243;8,859000206;8,886699677;8,876799583;8,963000298;9,11400032;9,4520998;9,564200401;9,560199738;9,7020998;9,790800095;9,768199921;10,20639992;10,49419975;10,19610024;10,36999989;10,47000027;10,27999973;8,409999847;7,489999771;7,48;7,09;6,4;6,21;6,07;6,35;6,14;6,32;6,45;6,55;6,45;6,28;6,45;6,66;6,99;7,11;7,15;7,34;7,47;7,66;7,77;;;
Bahrain;BHR;Hospital beds (per 1,000 people);SH.MED.BEDS.ZS;4,711409569;;;;;;;;;;4,342899799;;;;;;;;;;3,314399958;;;;;;;;;3,33949995;;;;;;;;2,900000095;;;2,55;2,53;2,57;2,45;2,29;2,25;2,1;1,96;1,89;1,77;1,76;2,05;2;2,01;1,96;1,9;1,84;1,77;1,8;1,74;;;;
Bahamas, The;BHS;Hospital beds (per 1,000 people);SH.MED.BEDS.ZS;5,725663662;;;;;;;;;;5,093599796;;;;;;;;;;4,404799938;;;;;;;;;;4;;;3,883899927;;3,6;3,940000057;;;;3,23;3,23;3,19;3,21;3,17;3,07;3,03;3,01;2,97;2,95;2,88;2,84;2,81;2,78;2,71;2,79;;2,93;2,72;2,7;2,69;2,68;;
Bosnia and Herzegovina;BIH;Hospital beds (per 1,000 people);SH.MED.BEDS.ZS;;;;;;;;;;;;;;;;;;;;;4,831099987;4,922800064;4,917900085;4,904699802;4,813700199;4,718100071;4,742000103;4,593500137;4,578199863;4,498300076;4,45909977;4,377999783;;;;;;;3,819999933;3,799999952;1,94;1,92;1,92;1,93;1,97;2,01;2;2,04;2,05;2,17;2,26;2,3;2,33;2,26;2,34;2,36;2,39;2,39;2,38;2,34;;;;
Belarus;BLR;Hospital beds (per 1,000 people);SH.MED.BEDS.ZS;;;;;;;;;;;;;;;;;;;;;12,54609966;;;;;13,07129955;13,26049995;13,45629978;13,37290001;13,5795002;13,22640038;13,20470047;12,69069958;12,4762001;12,46389961;12,38000011;12,27000046;12,35999966;12,42000008;12,64000034;11,7;11,68;11,11;10,55;9,98;10,4;10,47;10,53;10,44;10,4;10,61;10,42;10,45;10,24;10,08;10,02;9,84;9,78;9,71;9,69;;;;
Belize;BLZ;Hospital beds (per 1,000 people);SH.MED.BEDS.ZS;4,667765141;;;;;;;;;;5,401400089;;;;;;;;;;;;;;;;3,316800117;;;;2,700000048;;;2,799999952;;2,5;2,130000114;;;;1,9;;;1,299999952;1,3;1,2;1,3;1,2;1,14;1,11;1,12;1,09;1,08;1,08;1,03;0,96;0,94;1,04;1,03;;;;;
Bermuda;BMU;Hospital beds (per 1,000 people);SH.MED.BEDS.ZS;;;;;;;;;;;;;;;;;;;;;;;;;;;;;;;;;;;;;6,300000191;;;;;;;;;;;;;;;;;;;;;;;;;;;
Bolivia;BOL;Hospital beds (per 1,000 people);SH.MED.BEDS.ZS;1,845419288;;;;;;;;;;2,321700096;;;;;2,058799982;;;;;;;;;;;;;;;1,317800045;1,411000013;;1,399999976;;;1,669999957;;;;;;;1;1;1,06;1,09;1,09;1,08;1,05;1,06;1,04;1,07;1,08;1,11;1,18;1,22;1,25;1,25;1,26;1,36;1,35;;
Brazil;BRA;Hospital beds (per 1,000 people);SH.MED.BEDS.ZS;3,20179534;;;;;;;;;;3,691800117;;;;;4,995100021;;;;;;;;;;;;3,560300112;;;3,345299959;;;3,5;;;3,109999895;;;;2,78;2,75;2,56;2,4;;2,5;2,45;2,47;2,57;2,55;2,55;2,51;2,47;2,45;2,44;2,35;2,32;2,3;2,26;2,24;2,43;2,46;;
Barbados;BRB;Hospital beds (per 1,000 people);SH.MED.BEDS.ZS;5,929779053;;;;;;;;;;10,22159958;;;;;;;;;;8,534700394;;;;;;;;;;8,399999619;;;1,26760006;;7,4;7,559999943;;;;;;;7,3;7,3;6,7;6,6;;7,6;6,8;6,88;;6,47;6,47;6,05;6,03;6,03;6,11;6,06;5,74;5,66;;;
Brunei Darussalam;BRN;Hospital beds (per 1,000 people);SH.MED.BEDS.ZS;4,902439117;;;;;;;;;;3,507699966;;;;;;;;;;;2,935899973;2,993999958;;;;;;;;;;;;;;;;;;2,77;2,66;2,6;2,64;2,62;3,15;2,85;2,81;2,92;2,87;2,79;2,82;2,7;2,76;2,69;3,07;3,11;3,36;3,45;3,7;3,88;3,87;;
Bhutan;BTN;Hospital beds (per 1,000 people);SH.MED.BEDS.ZS;;;;;;;;;;;;;;;;;;;;;;;;;;;1,705899954;;;;0,846700013;;;;1,614799976;;;;;1,600000024;1,74;1,7;1,65;1,72;1,71;1,63;1,68;1,7;1,69;1,7;1,68;1,79;1,77;1,75;1,73;1,72;1,7;1,69;1,72;2,08;2,12;2,2;;
Botswana;BWA;Hospital beds (per 1,000 people);SH.MED.BEDS.ZS;2,122916698;;;;;;;;;;;;;;;;;;;;2,363100052;;;;;;;;;;1,575199962;;;;;;;;;;2,07;2,1;2,14;2,03;1,99;2,1;2,1;2,11;2,11;2,23;2,4;2,48;2,43;2,5;2,47;2,49;2,44;2,39;2,35;2,3;2,26;2,22;;
Central African Republic;CAF;Hospital beds (per 1,000 people);SH.MED.BEDS.ZS;1,231421113;;;;;;;;;;1,87559998;;;;;;;;;;1,558599949;;;;;;;;;;0,873199999;;;;;;;;;;;;;;;;1,2;;;;;1;;;;;;;;;;;;
Canada;CAN;Hospital beds (per 1,000 people);SH.MED.BEDS.ZS;6,199999809;;;;;;;;;;7;;;;;;6,900000095;6,900000095;6,900000095;6,800000191;6,800000191;6,900000095;6,800000191;6,800000191;6,800000191;6,800000191;6,699999809;6,599999905;6,5;6,300000191;6;5,800000191;5,5;5,400000095;;5;4,599999905;4,400000095;4,199999809;3,900000095;3,77;3,69;3,65;3,5;3,44;3,1;3,02;2,97;2,85;2,81;2,79;2,8;2,79;2,72;2,68;2,62;2,6;2,53;2,56;2,53;2,56;;;
Central Europe and the Baltics;CEB;Hospital beds (per 1,000 people);SH.MED.BEDS.ZS;;;;;;;;;;;;;;;;;;;;;8,030245211;;;;;8,20049509;;;;;8,119840504;8,038828765;7,672285757;7,642886058;7,630671597;7,2386887;7,268246557;7,023065449;6,797328839;6,616530679;6,722673974;;6,731256798;6,864428779;6,814803491;6,773181272;6,730817918;6,613166425;6,681827596;6,679845873;6,582132618;6,522262192;6,50999995;6,494078295;6,519595599;6,523752452;6,526439907;6,538631211;6,510631369;6,405803891;6,39404315;;;
Switzerland;CHE;Hospital beds (per 1,000 people);SH.MED.BEDS.ZS;;;;;;;;;;;;;;;;;;;;;;;;;;;;;;;;19,89999962;;;;;;;;;6,29;6,04;5,95;5,83;5,68;5,55;5,4;5,37;5,22;5,11;5,2;5,05;4,98;4,85;4,73;4,73;4,69;4,65;4,63;4,59;4,48;4,44;;
Channel Islands;CHI;Hospital beds (per 1,000 people);SH.MED.BEDS.ZS;11,15384579;;;;;;;;;;11,22500038;;;;;;;;;;10,65120029;10,5951004;;;;;;;;;;;;;;;;;;;;;;;;;;;;;;;;;;;;;;;;;;
Chile;CHL;Hospital beds (per 1,000 people);SH.MED.BEDS.ZS;3,67429018;;;;;;;;;;3,776400089;;;;;;;;;;3,406399965;;;;;;;;;3,176700115;3,158600092;;;3,099999905;;;2,670000076;;;;2,72;2,62;2,54;2,51;2,41;2,31;2,33;2,29;2,28;2,28;2,05;2,23;2,18;2,18;2,13;2,15;2,13;2,12;2,07;2,04;2,03;1,97;;
China;CHN;Hospital beds (per 1,000 people);SH.MED.BEDS.ZS;;;;;;1,440000057;1,519999981;1,5;1,450000048;1,450000048;1,539999962;1,580000043;1,710000038;1,769999981;1,850000024;1,919999957;2;2,069999933;2,140000105;2,200000048;2,230000019;2,25;2,25999999;2,289999962;2,329999924;2,369999886;2,400000095;2,480000019;2,539999962;2,559999943;2,579999924;2,599999905;2,619999886;2,630000114;2,630000114;2,609999895;2,549999952;2,549999952;2,529999971;2,519999981;1,71;1,69;1,73;1,76;1,82;1,87;1,95;2,02;2,17;2,33;2,51;2,73;3,05;3,33;3,58;3,82;4,06;4,34;4,6;4,83;5;;;
Cote d'Ivoire;CIV;Hospital beds (per 1,000 people);SH.MED.BEDS.ZS;1,348769546;;;;;;;;;;1,156100035;;;;;;;;;;;;;;;;;;;0,828499973;0,81160003;;;;;;;;;;;;;;;;0,4;;;;;;;;;;;;;;;;;
Cameroon;CMR;Hospital beds (per 1,000 people);SH.MED.BEDS.ZS;2,00226593;;;;;;;;;;1,75150001;;;;;2,465899944;;;;;;;;;;;;;;2,59829998;2,553299904;;;;;;;;;;;;;;;;1,5;;;;1,3;;;;;;2,65;;;;;;;
Congo, Dem. Rep.;COD;Hospital beds (per 1,000 people);SH.MED.BEDS.ZS;5,674036503;;;;;;;;;;3,323400021;;;;;3,225300074;;;;;;;;;;;;1,593099952;;;1,426800013;;;;;;;;;;;;;;;1,1;0,8;;;;;;;;;;;;;;;;;
Congo, Rep.;COG;Hospital beds (per 1,000 people);SH.MED.BEDS.ZS;3,757085085;;;;;;;;;;4,387199879;;;;;;;;;;;;;;;;;;;;3,349999905;;;;;;;;;;;;;;;1,6;;;;;;;;;;;;;;;;;;
Colombia;COL;Hospital beds (per 1,000 people);SH.MED.BEDS.ZS;2,575547218;;;;;;;;;;2,097300053;;;;;;;;;;1,564100027;;;;;;;;;1,251099944;1,366700053;;;1,299999952;;;1,460000038;;;;;;;1,100000024;1,2;;1;1;;;1,51;1,49;1,52;1,58;1,63;1,65;1,71;1,73;1,73;1,74;1,69;;;
Comoros;COM;Hospital beds (per 1,000 people);SH.MED.BEDS.ZS;;;;;;;;;;;;;;;;;;;;;;;;;;;;;;3,124900103;2,761600018;;;;;;;;;;;;;;;;2,2;;;;2,16;;;;;;;;;;;;;
Cabo Verde;CPV;Hospital beds (per 1,000 people);SH.MED.BEDS.ZS;;;;;;;;;;;1,408200026;;;;;;;;;;2,1868999;;;;;;;;1,5977;;;;1,583099961;;;;;;;;;;;;2,04;1,99;1,98;2,01;2,1;1,96;1,99;2,05;2,1;1,99;1,93;1,93;1,9;1,9;1,97;;;;;
Costa Rica;CRI;Hospital beds (per 1,000 people);SH.MED.BEDS.ZS;4,790777206;;;;;;;;;;3,939599991;;;;;;;;;;3,314399958;;;;;;;;;;2,5;;;;1,793900013;1,779999971;1,75;1,710000038;1,679999948;;1,6;1,57;1,53;1,5;1,46;1,32;1,29;1,27;1,23;1,22;1,21;1,2;1,18;1,16;1,15;1,15;1,14;1,13;1,11;1,09;1,15;1,18;;
Caribbean small states;CSS;Hospital beds (per 1,000 people);SH.MED.BEDS.ZS;5,634960807;;;;;;;;;;5,845744149;;;;;;;;;;;;;;;;;;;;5,442170568;;;3,485765144;;3,793399344;4,041368181;;;;;3,290597747;;;;3,354008269;3,084537004;2,435151628;;2,732276758;;;2,788378562;2,725107577;2,754424645;2,734956431;2,750863241;2,627690275;2,63127067;2,992868778;2,968669646;;;
Cuba;CUB;Hospital beds (per 1,000 people);SH.MED.BEDS.ZS;4,366499424;;;;;;;;;;4,632400036;;;;;;;;;;;;;;;;;;;;5,421199799;;;6;;;5,130000114;;;;5,29;5,11;5;4,95;4,93;4,88;4,86;4,86;4,64;4,57;4,56;4,04;4,04;4,04;4,01;4,05;4,13;4,13;4,15;4,17;4,19;4,22;;
Curacao;CUW;Hospital beds (per 1,000 people);SH.MED.BEDS.ZS;;;;;;;;;;;;;;;;;;;;;;;;;;;;;;;;;;;;;;;;;;;;;;;;;;;;;;;;;;;;;;;;
Cayman Islands;CYM;Hospital beds (per 1,000 people);SH.MED.BEDS.ZS;;;;;;;;;;;;;;;;;;;;;;;;;;;;;;;3;;;;;;;;;;;;;;;;;;;;;;;;;;;;;;;;;
Cyprus;CYP;Hospital beds (per 1,000 people);SH.MED.BEDS.ZS;4,523560047;;;;;;;;;;5,382100105;;;;;;;;;;5,652999878;5,720099926;;;;;;;;5,086400032;;;;;;;;;;;3,31;4,4;4,4;4,3;4,2;2,74;2,71;2,72;2,73;2,74;2,62;2,61;2,59;2,52;2,47;2,44;2,44;2,34;2,27;2,24;;;;
Czechia;CZE;Hospital beds (per 1,000 people);SH.MED.BEDS.ZS;;;;;;;;;;;;;;;;;;;;;11,30000019;;;;;11,39999962;;;;;11,30000019;11,10000038;10,69999981;10,39999962;10,19999981;;;;;;7,82;7,76;7,73;7,69;7,6;7,52;7,4;7,3;7,22;7,16;7,3;7,06;6,93;6,7;6,68;6,68;6,69;6,67;6,68;6,66;6,6;;;
Germany;DEU;Hospital beds (per 1,000 people);SH.MED.BEDS.ZS;10,5;;;;;;;;;;11,30000019;;;;;;;;;;11,5;;;;;11;;;;;10,39999962;10,10000038;9,899999619;9,699999809;9,699999809;9,699999809;9,600000382;9,399999619;9,300000191;9,199999809;9,19;9,1;8,99;8,87;8,71;8,6;8,42;8,35;8,3;8,3;8,29;8,26;8,22;8,17;8,14;8,09;8,06;8,01;7,98;7,91;7,8;;;
Djibouti;DJI;Hospital beds (per 1,000 people);SH.MED.BEDS.ZS;7,831325531;;;;;;;;;;6,077400208;;;;;;;;;;;3,610500097;;;;;;;;;2,539700031;;;;;;;;;;1,75;1,75;1,75;1,61;1,61;1,61;1,61;;;;1,42;1,42;1,11;1,09;1,2;1,28;1,46;1,44;1,42;;;;;
Dominica;DMA;Hospital beds (per 1,000 people);SH.MED.BEDS.ZS;4,543946743;;;;;;;;;;4,444399834;;;;;;;;;;;;;;;;;;;;3;;;2,593899965;;3,6;2,650000095;;;;3,8;3,5;3,900000095;3,9;3,9;3,9;;4;3,8;3,8;3,8;4,02;4,01;4,01;3,98;3,7;3,7;3,28;3,11;3,02;3;2,98;;
Denmark;DNK;Hospital beds (per 1,000 people);SH.MED.BEDS.ZS;;;;;;;;;;;8,100000381;;8,399999619;8,300000191;8,5;8,5;8,600000381;8,399999619;8,5;8,199999809;8,100000381;7,800000191;7,699999809;7,400000095;7,099999905;7;6,900000095;6,199999809;6;5,800000191;5,599999905;5,400000095;5,099999905;5;5;4,900000095;4,699999809;4,599999905;4,5;4,300000191;4,29;4,22;4,28;4,13;3,96;3,84;3,78;3,68;3,56;3,49;3,5;3,13;;3,06;2,69;2,53;2,61;2,62;2,62;2,6;2,59;2,51;;
Dominican Republic;DOM;Hospital beds (per 1,000 people);SH.MED.BEDS.ZS;2,328690767;;;;;;;;;;2,639400005;;;;;2,501499891;;;;;;;;;;;;;;;1,881299973;;;2;;;1,5;;;;;;;2,099999905;;2;;1,21;1,59;1,46;1,61;1,58;1,73;1,72;1,53;1,52;1,37;1,49;1,24;1,25;1,42;;;
Algeria;DZA;Hospital beds (per 1,000 people);SH.MED.BEDS.ZS;3,187407494;;;;;;;;;;2,842499971;;;;;;;;;;;;;;;;2,488399982;;2,628999949;2,564399958;2,499300003;;;;2,103199959;;;;2,099999905;;1,77;1,76;1,75;1,78;1,81;;1,72;;1,75;1,75;1,72;1,69;1,67;1,66;1,65;1,64;1,62;1,63;;;;;;
East Asia & Pacific (excluding high income);EAP;Hospital beds (per 1,000 people);SH.MED.BEDS.ZS;;;;;;1,440000057;1,519999981;1,5;1,450000048;1,450000048;1,438996049;1,580000043;1,710000038;1,769999981;1,850000024;1,779084716;1,987109021;2,069999933;2,140000105;2,200000048;2,222524042;2,29376796;2,23384637;2,26208045;2,30811661;2,118230669;2,365421152;2,479968954;2,53728792;2,351986618;2,275397829;2,269606486;2,275195492;2,288472333;2,346436981;2,572288104;2,540908346;2,499919781;2,251025603;2,504884862;1,529482221;1,528330107;1,68375667;1,559084491;1,589030412;1,629182293;1,696137384;1,750827741;1,869880659;1,972886992;2,253910587;2,265697279;2,666602993;2,729673578;2,91126329;3,070675032;3,232759638;3,453286194;3,656282086;3,833761886;4,004522049;;;
Early-demographic dividend;EAR;Hospital beds (per 1,000 people);SH.MED.BEDS.ZS;0,929845751;;;;;;;;;;0,965171167;;;;;0,891203868;;;;;1,033507062;;;;;1,102407271;;;;;;1,089242914;;;;;;;;;1,760920665;1,600050597;1,611400118;1,084570321;;1,57297425;1,559736316;1,503938928;1,462443892;1,45843472;1,512681275;1,621105363;1,504380595;0,938060337;1,488934739;1,44189174;1,456603741;1,50152897;1,49506666;1,482038049;1,619582532;;;
East Asia & Pacific;EAS;Hospital beds (per 1,000 people);SH.MED.BEDS.ZS;;;;;;;;;;;2,549560651;;;;;1,915083964;2,127917656;;;;3,327152212;2,438055355;2,382628323;2,411483184;2,454585314;3,282650896;2,39631305;;;2,483503942;2,338199251;2,418289755;2,426245938;3,431899397;3,523883288;3,801923766;3,803513671;3,71077932;3,385918688;3,700342245;2,477811077;2,476917066;2,584915862;2,472173166;2,490603396;2,523905531;2,592099899;2,635440375;2,746241273;2,843292919;3,084005226;3,109645823;3,474457673;3,539914446;3,713589249;3,845591676;3,993889499;4,200652494;4,410590419;4,564218093;4,715427941;;;
Europe & Central Asia (excluding high income);ECA;Hospital beds (per 1,000 people);SH.MED.BEDS.ZS;;;;;;;;;;;;;;;;;;;;;8,648804809;;;;;9,041997845;9,083440916;9,094290798;9,122941729;9,156742584;9,235276207;9,042700037;9,015099443;8,698599068;8,33342495;7,981036943;7,382056643;6,624965142;6,273388816;6,096738566;5,6920898;5,608852873;5,656306027;5,610022088;5,510772234;5,494685472;5,457823751;5,39830944;5,368352097;5,485186776;5,400032801;5,226132981;5,148229637;5,034198388;4,721541831;4,66164294;4,58154271;4,558860658;4,587326538;4,542078044;4,51861453;;;
Europe & Central Asia;ECS;Hospital beds (per 1,000 people);SH.MED.BEDS.ZS;;;;;;;;;;;;;;;;;;;;;9,140271154;;;;;9,57544948;9,655179146;9,636673046;9,604243598;9,547595475;9,151213772;9,014632536;8,686066039;8,509879273;8,312614033;8,11671775;7,890649973;7,52966602;7,28507817;7,081140869;6,886337918;6,883333379;6,752740963;6,67206488;6,491625919;6,400208818;6,311658528;6,212694498;6,122911677;6,058174815;5,928058933;5,806133233;5,740035427;5,618197583;5,476708653;5,38970635;5,318645116;5,267258064;5,23757664;5,172435153;5,168551425;;;
Ecuador;ECU;Hospital beds (per 1,000 people);SH.MED.BEDS.ZS;1,870691538;;;;;;;;;;2,349100113;;;;;2,546299934;;;;;1,907199979;;;;;;;;;;1,644099951;;;1,600000024;;;1,549999952;;;;1,55;1,57;1,5;1,39;1,57;1,55;1,42;1,44;1,63;1,52;1,59;1,61;1,49;1,51;1,54;1,53;1,39;1,4;1,4;1,39;1,32;1,3;;
Egypt, Arab Rep.;EGY;Hospital beds (per 1,000 people);SH.MED.BEDS.ZS;2,146979332;;;;;;;;;;2,180500031;;;;;2,036600113;;;;;2,026299953;2,07220006;;;;;2,085700035;;2,124700069;2,019900084;2,070899963;2,024199963;2,000400066;1,929299951;;;2,099999905;2,099999905;;;1,96;1,96;1,94;1,95;1,97;1,92;2,14;1,86;1,63;1,51;1,43;1,43;1,41;1,4;1,37;1,27;1,27;1,3;1,26;1,22;1,13;;;
Euro area;EMU;Hospital beds (per 1,000 people);SH.MED.BEDS.ZS;;;;;;;;;;;9,651453504;;;;;;;;;;9,89769012;;;;;9,049433109;;;;;8,228255901;8,008202095;7,88323576;7,725045252;7,623367514;7,490363587;7,483143208;7,217677624;7,059291852;6,866281753;6,703071385;6,601817333;6,485816839;6,334731756;6,21316812;6,121875791;6,023376695;5,954275304;5,86089063;5,732522879;5,629093613;5,548862225;5,490394427;5,422983092;5,373812186;5,345365733;5,305524933;5,263680446;5,223972418;5,179690651;5,154432923;;;
Eritrea;ERI;Hospital beds (per 1,000 people);SH.MED.BEDS.ZS;;;;;;;;;;;;;;;;;;;;;;;;;;;;;;;;;;;;;;;;;;;;1,48;1,51;1,39;1,34;1,38;1,31;1,31;1,19;1,24;1,21;1,16;1,15;1,15;1,14;1,14;1,08;1,01;1;;;
Spain;ESP;Hospital beds (per 1,000 people);SH.MED.BEDS.ZS;;;;;;;;;;;4,699999809;;;;;;;;;5,5;5,400000095;5,400000095;5,400000095;5,199999809;5;4,900000095;4,800000191;4,800000191;4,699999809;4,699999809;4,599999905;4,599999905;4,5;4,400000095;4,400000095;4,300000191;4,300000191;4,199999809;4,199999809;4,099999905;3,63;3,57;3,52;3,43;3,4;3,34;3,29;3,25;3,2;3,16;3,11;3,05;2,99;2,96;2,97;2,98;2,97;2,97;2,97;2,95;2,95;2,94;;
Estonia;EST;Hospital beds (per 1,000 people);SH.MED.BEDS.ZS;;;;;;;;;;;;;;;;;;;;;12,1850996;;;;;12,27439976;12,26519966;12,13650036;12,02670002;11,93080044;11,61060047;11,28919983;9,681699753;9,622300148;8,561300278;8,350000382;7,900000095;7,710000038;7,579999924;7,53000021;7,04;6,6;5,98;5,73;5,64;5,38;5,55;5,48;5,63;5,37;5,27;5,36;5,53;4,9;4,9;4,82;4,69;4,61;4,53;4,53;4,46;;;
Ethiopia;ETH;Hospital beds (per 1,000 people);SH.MED.BEDS.ZS;0,294233888;;;;;;;;;;0,2852;;;;;0,285699993;;;;;0,29550001;;;;;;;;;;0,241500005;;;;;;;;;;;;;;0,2;;0,2;;0,2;;;6,3;;;;0,3;0,33;;;;;;;
European Union;EUU;Hospital beds (per 1,000 people);SH.MED.BEDS.ZS;;;;;;;;;;;;;;;;;;;;;9,520759615;;;;;8,878188803;;;;;8,197086117;8,007956799;7,747082063;7,609346038;7,542813795;7,309869073;7,290299854;7,062110366;6,860296219;6,669289518;6,585486268;6,644477379;6,434131283;6,354602563;6,254054149;6,175258373;6,088049035;6,002936769;5,945227896;5,851147248;5,751299849;5,670037081;5,654002746;5,566987816;5,528025497;5,506814844;5,476021077;5,442959542;5,404905994;5,342591245;5,326785553;;;
Fragile and conflict affected situations;FCS;Hospital beds (per 1,000 people);SH.MED.BEDS.ZS;1,229137623;;;;;;;;;;1,210828123;;;;;;;;;;2,986903959;;;;;;;;;;2,62487949;;;;;;;;;;;;;;1,508289657;;;;;;;;;;;;;;;;;;;
Finland;FIN;Hospital beds (per 1,000 people);SH.MED.BEDS.ZS;;;;;;;;;;;15,10000038;;;;;;;;;;15,60000038;;;;;14;;;;;12,5;11,19999981;11;10;10;9,300000191;9,199999809;7,900000095;7,800000191;7,599999905;7,54;7,46;7,35;7,24;7,1;7,05;6,99;6,73;6,57;6,25;5,86;5,53;5,29;4,86;4,53;4,28;3,97;3,75;3,61;3,35;2,83;;;
Fiji;FJI;Hospital beds (per 1,000 people);SH.MED.BEDS.ZS;4,04060936;;;;;;;;;;2,909600019;;;;;3,333300114;;;;;2,813899994;2,746099949;;;;;;;;;;;;;;;;;;2,6;;;;;2,1;2,07;1,94;1,94;1,94;2,2;2,2;1,91;;1,92;1,89;1,88;1,89;1,89;;;;;;
France;FRA;Hospital beds (per 1,000 people);SH.MED.BEDS.ZS;;;;;;;;;;;;;;;10,5;10,60000038;10,60000038;10,80000019;10,89999962;11,10000038;11,10000038;11,10000038;11;10,80000019;10,69999981;10,5;10,30000019;10,19999981;10,10000038;9,899999619;9,699999809;9,600000382;9,399999619;9,300000191;9,100000382;8,899999619;8,800000191;8,600000382;8,399999619;8,300000191;8,25;8,12;8,01;7,84;7,69;7,52;7,41;7,35;7,18;6,92;6,67;6,6;6,58;6,52;6,46;6,4;6,32;6,23;6,16;6,1;6;;;
Faroe Islands;FRO;Hospital beds (per 1,000 people);SH.MED.BEDS.ZS;;;;;;;;;;;;;;;;;;;;;;;;;;;;;;;;;;;;;;;;;;;;;;;;;;;;;;;;;;;;;;;;
Micronesia, Fed. Sts.;FSM;Hospital beds (per 1,000 people);SH.MED.BEDS.ZS;;;;;;;;;;;;;;;;;;;;;;;;;;;;;;3,467299938;;;;;;;;;;;2,8;;;;;3,3;3,31;;;3,23;;;;;;;;;;;;;;
Gabon;GAB;Hospital beds (per 1,000 people);SH.MED.BEDS.ZS;5,713991642;;;;;;;;;;9,910699844;;;;;;;;;;;;;;;1,552000046;;;;;3,193799973;;;;;;;;;;;;;;;;2;;1,3;;6,3;1,96;;;;;;;;;;;;
United Kingdom;GBR;Hospital beds (per 1,000 people);SH.MED.BEDS.ZS;10,69999981;;;;;;;;;;9,600000381;;;;;;;;;;8,100000381;;;;;7,400000095;;;;;5,900000095;5,599999905;5,400000095;5,099999905;4,800000191;4,800000191;4,599999905;4,599999905;4,400000095;4,199999809;4,08;4,04;3,98;3,95;3,86;3,72;3,54;3,39;3,34;3,27;2,93;2,88;2,8;2,75;2,72;2,61;2,57;2,54;2,5;2,45;2,43;2,35;;
Georgia;GEO;Hospital beds (per 1,000 people);SH.MED.BEDS.ZS;;;;;;;;;;;;;;;;;;;;;10,17080021;;;;;9,973400116;10,01500034;10,10739994;9,993499756;9,995699883;9,797499657;9,798100472;10,00870037;9,39109993;9,675800324;7,659999847;5,670000076;5,860000134;5,710000038;5,690000057;4,98;4,71;4,5;4,52;4,46;4,32;4,18;3,73;3,63;3,54;3,49;3,3;2,98;3,06;3,09;3,39;3,66;4;4,24;4,64;4,94;;;
Ghana;GHA;Hospital beds (per 1,000 people);SH.MED.BEDS.ZS;0,779893696;;;;;;;;;;1,32280004;;;;;1,250800014;;;;;;;;;;1,567000031;;;;;1,460000038;;;;;;;;;;;;;;;0,9;;;;0,9;0,7;0,68;0,71;0,72;0,71;0,69;;;;;;;;
Gibraltar;GIB;Hospital beds (per 1,000 people);SH.MED.BEDS.ZS;;;;;;;;;;;;;;;;;;;;;;;;;;;;;;;;;;;;;;;;;;;;;;;;;;;;;;;;;;;;;;;;
Guinea;GIN;Hospital beds (per 1,000 people);SH.MED.BEDS.ZS;0,739158154;;;;;;;;;;1,75849998;;;;;;;;;;;;;;;;;;0,584100008;;0,550700009;;;;;;;;;;;;;;;0,3;;;;;;0,3;;;;;;;;;;;;
Gambia, The;GMB;Hospital beds (per 1,000 people);SH.MED.BEDS.ZS;1,181818128;;;;;;;;;;;;;;;;;;;;;;;;;1,657799959;;;;;0,610899985;;;;;;;;;;;;;;;0,8;;;;1,1;;1,1;;;1,04;1,01;1,06;;;0,94;1,11;1,15;;
Guinea-Bissau;GNB;Hospital beds (per 1,000 people);SH.MED.BEDS.ZS;1,621184945;;;;;;;;;;1,574599981;;;;;;;;;;1,886000037;1,971699953;;;;;;;;;1,477900028;;;;;;;;;;;;;;;;;0,7;;1;;;;;;;;;;;;;;
Equatorial Guinea;GNQ;Hospital beds (per 1,000 people);SH.MED.BEDS.ZS;4,996031761;;;;;;;;;;;;;;;;;;;;;;;;;;;;2,802999973;;;;;;;;;;;;;1,1;;;;2,2;;;;1,9;2,1;;;;;;;;;;;;;
Greece;GRC;Hospital beds (per 1,000 people);SH.MED.BEDS.ZS;5,800000191;;;;;;;;;;6,199999809;;;;;;;;;;6,199999809;;;;;5,5;5,300000191;5,199999809;5,199999809;5,099999905;5,099999905;5;5;5;4,900000095;4,900000095;4,900000095;4,900000095;4,800000191;4,699999809;4,67;4,72;4,67;4,66;4,67;4,72;4,84;4,86;4,85;4,95;4,52;4,52;4,48;4,26;4,25;4,25;4,21;4,23;4,24;4,24;;;;
Grenada;GRD;Hospital beds (per 1,000 people);SH.MED.BEDS.ZS;6,222222328;;;;;;;;;;7,25369978;;;;;;;;;;5,771399975;;;;;;;;;;8;;;8,177800179;;5,5;5,269999981;;;;6,2;;6,9;5,699999809;;4,1;;2,6;2,6;2,4;;3,29;3,26;3,45;3,42;3,4;3,2;3,18;3,18;;;;;
Greenland;GRL;Hospital beds (per 1,000 people);SH.MED.BEDS.ZS;;;;;;;;;;;14,35340023;;;;;;;;;;;;;;;;;;;;;;;;;;;;;;;;;;;;;;;;;;;;;;;;;;;;;
Guatemala;GTM;Hospital beds (per 1,000 people);SH.MED.BEDS.ZS;2,631087542;;;;;;;;;;2,171099901;;;;;2,00270009;;;;;;;;;;;1,721199989;;;0,877799988;1,100000024;;;1,100000024;;;0,980000019;;;;;;0,5;;;0,7;;0,7;0,6;0,6;0,6;0,65;0,62;;0,62;0,59;;0,45;0,44;0,47;0,43;0,44;;
Guam;GUM;Hospital beds (per 1,000 people);SH.MED.BEDS.ZS;;;;;;;;;;;;;;;;;;;;;;;;;;;;;;;;;;;;;;;;;;;;;;;;;;;;;;;;;;;;;;;;
Guyana;GUY;Hospital beds (per 1,000 people);SH.MED.BEDS.ZS;5,574692249;;;;;;;;;;4,763000011;;;;;4,972799778;;;;;;;;;;3,492000103;;;;;;;;3,099999905;;3,1;3,869999886;;;;;2,9;;;;2,8;2,5;1,9;;2;;;1,73;1,73;1,75;1,76;1,75;1,74;1,69;2,18;2,25;2,59;;
High income;HIC;Hospital beds (per 1,000 people);SH.MED.BEDS.ZS;;;;;;;;;;;;;;;;;;;;;8,412662763;;;;;8,843085123;;;;;7,392100063;7,480352047;7,132345731;7,884455063;7,912569712;7,748216421;7,497961236;7,364948745;7,276855748;7,124416965;6,72348269;6,740110423;6,561338904;6,448957391;6,340951203;6,219124283;6,150886745;6,116925168;6,004726327;5,904193586;5,827679503;5,76381541;5,726313502;5,654375002;5,603019773;5,530119595;5,484415668;5,500569009;5,462926187;5,401913226;5,388714511;;;
Hong Kong SAR, China;HKG;Hospital beds (per 1,000 people);SH.MED.BEDS.ZS;2,640339375;;;;;;;;;;4,178299904;;;;;5,04129982;;;;;4,020999908;4,109799862;;;;4,890900135;;;;;;;;;;;;;;;;;;;;;;;;;;;;;;;;;;;;;;
Honduras;HND;Hospital beds (per 1,000 people);SH.MED.BEDS.ZS;1,646251321;;;;;;;;;;1,753100038;;;;;1,703699946;;;;;1,324100018;;;;;1,309499979;;;;;1,006700039;;;0,800000012;;;1,059999943;;;;0,6;0,6;0,58;0,59;0,58;0,58;0,54;0,56;0,51;0,55;0,61;0,57;0,6;0,63;0,61;0,6;0,63;0,64;0,64;0,65;0,71;0,66;;
Heavily indebted poor countries (HIPC);HPC;Hospital beds (per 1,000 people);SH.MED.BEDS.ZS;1,520205356;;;;;;;;;;1,426417617;;;;;1,523145639;;;;;;;;;;;;;;;1,001714561;;;;;;;;;;;;;;;;0,723310539;;;;;;;;;;;;;;;;;
Croatia;HRV;Hospital beds (per 1,000 people);SH.MED.BEDS.ZS;;;;;;;;;;;;;;;;;;;;;7,234799862;7,308100224;7,423500061;7,465199947;7,44659996;7,454299927;7,402599812;7,422500134;7,441699982;7,393000126;7,377799988;6,520100117;6,210100174;6,071199894;5,909500122;5,75;6,190000057;6,010000229;6,059999943;5,929999828;5,93;5,91;5,62;5,59;5,52;5,47;5,49;5,53;5,53;5,43;5,68;5,86;5,8;5,79;5,84;5,5;5,43;5,46;5,52;5,58;5,6;;;
Haiti;HTI;Hospital beds (per 1,000 people);SH.MED.BEDS.ZS;0,608832836;;;;;;;;;;0,784300029;;;;;0,776000023;;;;;0,740499973;;;;;0,723100007;;;;;0,755599976;;;0,799099982;;;0,709999979;;;;0,7;;;;;;;1,3;;;0,66;;;0,72;;;;;5,26;4,87;5,03;4,77;;
Hungary;HUN;Hospital beds (per 1,000 people);SH.MED.BEDS.ZS;;;;;;;;;;;;;;;;;;;;;;;;;;;;;;;;;;;9,300000191;8,800000191;8,800000191;8;8,100000382;8,100000382;8,16;7,93;7,92;7,9;7,9;7,93;7,99;7,2;7,12;7,15;7,19;7,2;7;7,04;6,98;6,99;7;7,02;6,95;6,91;6,76;6,84;;
IBRD only;IBD;Hospital beds (per 1,000 people);SH.MED.BEDS.ZS;;;;;;;;;;;1,535711646;;;;;1,611395628;;;;;2,282974583;2,230741946;;;;2,87624075;;3,07260474;;;3,491730666;2,805809983;;;;;;;;;2,430745684;2,344043102;2,367223729;2,002519316;;2,336360072;2,318902989;2,301369773;2,357078024;2,370241043;2,427783959;2,458121397;2,567401431;2,281548837;2,672020139;2,720106126;2,778890213;2,843688942;2,924292154;2,942902881;3,03412524;;;
IDA & IBRD total;IBT;Hospital beds (per 1,000 people);SH.MED.BEDS.ZS;;;;;;;;;;;1,437696546;;;;;1,548322084;;;;;2,102232481;;;;;2,819319945;;;;;2,98986846;2,680243133;;;;;;;;;2,285957247;2,177314973;2,179164531;1,915073971;;2,103027146;2,098875272;2,106610252;2,110733084;2,1405099;2,156537955;2,276549515;2,323908504;2,0501241;2,377677588;2,397013623;2,43915518;2,561682611;2,614628619;2,625219019;2,877403326;;;
IDA total;IDA;Hospital beds (per 1,000 people);SH.MED.BEDS.ZS;1,164984842;;;;;;;;;;1,033345778;;;;;;;;;;1,198752679;;;;;;;;;;1,398053658;;;;;;;;;;;;;;;;;;;;0,934684266;;;;;;;;;;;;;
IDA blend;IDB;Hospital beds (per 1,000 people);SH.MED.BEDS.ZS;0,810713031;;;;;;;;;;0,947231691;;;;;0,875691557;;;;;1,633012585;;;;;;;;;;2,075088815;;;;;;;;;;1,206517482;;;;0,928967284;;;;;;;;;;;;;;;;;;;
Indonesia;IDN;Hospital beds (per 1,000 people);SH.MED.BEDS.ZS;0,740457058;;;;;;;;;;0,654600024;;;;;0,818300009;;;;;;;;;;0,556800008;;;;0,702600002;0,665199995;0,668600023;0,665000022;0,657599986;0,660099983;;;;0,6;;0,59;0,59;0,59;0,59;0,59;0,6;0,6;0,61;0,63;0,68;0,65;0,69;0,92;1,1;1,05;1,09;1,1;1,15;1,16;1,18;1,4;1,36;;
IDA only;IDX;Hospital beds (per 1,000 people);SH.MED.BEDS.ZS;1,350344937;;;;;;;;;;1,071326124;;;;;;;;;;;;;;;;;;;;1,022291398;;;;;;;;;;;;;;;0,804640913;;;;;0,843479446;1,584767743;;;;0,833034292;0,826804267;;;;;;;
Isle of Man;IMN;Hospital beds (per 1,000 people);SH.MED.BEDS.ZS;1,84498373;;;;;;;;;;1,913231332;;;;;;;;;;1,756156595;1,754112095;;;;;;;;;1,752238331;;;;;;;;;;;;;;;1,769394617;1,584743259;;;1,584279384;;;;;;;;;;;;;;
India;IND;Hospital beds (per 1,000 people);SH.MED.BEDS.ZS;0,458986908;;;;;;;;;;0,604499996;;;;;0,588199973;;;;;0,769699991;0,769400001;;;;0,769200027;;0,718200028;;;;0,787000001;;;;;;;;;2,13;2,09;2,05;0,899999976;;1,95;1,92;1,9;1,87;1,84;1,82;1,79;1,77;0,49;1,73;1,7;1,68;1,67;1,65;1,63;1,62;1,6;;
Not classified;INX;Hospital beds (per 1,000 people);SH.MED.BEDS.ZS;;;;;;;;;;;;;;;;;;;;;;;;;;;;;;;;;;;;;;;;;;;;;;;;;;;;;;;;;;;;;;;;
Ireland;IRL;Hospital beds (per 1,000 people);SH.MED.BEDS.ZS;;;;;;;;;;;;;;;;;;;;;9;9;8,800000191;8,600000381;8,399999619;8,199999809;7,900000095;7,199999809;6,400000095;6,199999809;6,099999905;6;5,699999809;5,5;5,300000191;5,199999809;5,099999905;4,900000095;4,800000191;4,699999809;6,19;5,92;5,84;5,73;5,69;5,51;5,31;5,14;4,89;2,85;2,75;2,64;2,56;2,58;2,59;2,94;2,98;2,99;2,99;2,9;2,91;;;
Iran, Islamic Rep.;IRN;Hospital beds (per 1,000 people);SH.MED.BEDS.ZS;0,925675035;;;;;;;;;;1,379600048;;;;;;;;;;1,480599999;1,515599966;;;;;;1,510499954;1,483700037;;1,433099985;;;;;;1,600000024;;;;1,59;1,64;1,65;1,64;1,63;1,61;1,63;1,66;1,64;1,54;1,68;1,35;1,7;1,77;1,81;1,81;1,89;1,91;1,95;1,86;;;;
Iraq;IRQ;Hospital beds (per 1,000 people);SH.MED.BEDS.ZS;1,858039975;;;;;;;;;;1,950999975;;;;;;;;;;1,946400046;1,893100023;;;;;;;;1,71389997;1,65960002;;;;;;;;1,450000048;;1,2;1,3;1,27;1,31;1,32;1,28;1,31;1,13;1,26;1,1;1,1;1,3;1,29;1,27;1,1;1,38;1,3;1,05;1,05;1,2;1,2;1,3;;
Iceland;ISL;Hospital beds (per 1,000 people);SH.MED.BEDS.ZS;9,800000191;;;;;;;;;;12,89999962;;;;;;;;;;14,80000019;;;;;15,80000019;;;;;16,70000076;16,29999924;15,89999962;14,80000019;14,69999981;14,60000038;;;;;;;7,5;;;;5,3391;4,11;3,91;3,7;3,58;3,29;3,24;3,22;3,16;3,12;3,13;3,06;2,87;2,8;2,83;;;
Israel;ISR;Hospital beds (per 1,000 people);SH.MED.BEDS.ZS;6,73793745;;;;;;;;;;;;;;;8,079299927;;;;;6,797399998;6,729400158;6,766600132;6,543499947;6,496600151;6,509500027;6,380199909;6,289899826;6,316899776;6,283699989;6,243199825;5,96999979;5,989500046;6,077899933;6,101200104;5,980000019;6,03000021;6,050000191;6,099999905;6,119999886;3,9;3,93;3,88;3,99;3,92;3,85;3,52;3,46;3,4;3,32;3,29;3,27;3,23;3,23;3,21;3,17;3,13;3,16;3,12;3,12;3,07;3,06;;
Italy;ITA;Hospital beds (per 1,000 people);SH.MED.BEDS.ZS;8,899999619;9;9,199999809;9,300000191;9,5;9,600000381;9,699999809;9,899999619;10,10000038;10,30000019;10,60000038;10,60000038;10,60000038;10,5;10,60000038;10,60000038;10,39999962;10,30000019;10;9,800000191;9,600000381;9,399999619;9,100000381;8,899999619;8,5;8,300000191;8;7,800000191;7,5;7,099999905;7,199999809;6,800000191;6,900000095;6,699999809;6,599999905;6,300000191;6,5;5,900000095;5,5;4,900000095;4,71;4,61;4,44;4,17;4,01;4,03;3,97;3,88;3,77;3,66;3,61;3,48;3,38;3,31;3,24;3,22;3,2;3,21;3,17;3,16;3,18;;;
Jamaica;JAM;Hospital beds (per 1,000 people);SH.MED.BEDS.ZS;4,145488262;;;;;;;;;;4,104899883;;;;;4,999499798;;;;;;;;;;3,333300114;;;;2,400099993;2,200000048;;;2,100300074;;2,1;2,119999886;;;;;1,5;1,5;1,399999976;1,8;1,7;2;1,7;;1,71;1,82;1,81;1,8;1,69;1,69;1,71;1,74;1,71;1,7;1,73;1,71;1,68;;
Jordan;JOR;Hospital beds (per 1,000 people);SH.MED.BEDS.ZS;3,605450153;;;;;;;;;;1,128000021;;;;;1,026000023;;;;;1,257699966;1,20630002;;;;1,205500007;;;;;1,797799945;;;;1,630200028;;;1,799999952;;;1,7;1,7;1,7;1,81;1,77;1,79;1,81;1,7;1,69;1,67;1,7;1,69;1,68;1,57;1,43;1,38;1,38;1,45;1,41;1,36;1,37;1,38;;
Japan;JPN;Hospital beds (per 1,000 people);SH.MED.BEDS.ZS;9;;;;;;;;;;12,5;;;;;;;;;;13,69999981;;;;;14,69999981;;;;;;;;15,60000038;15,5;15,39999962;15,19999981;15,10000038;15;14,80000019;14,7;14,61;14,45;14,27;14,2;14,07;13,97;13,87;13,71;13,61;13,51;13,38;13,33;13,28;13,18;13,15;13,11;13,05;13;12,88;12,72;;;
Kazakhstan;KAZ;Hospital beds (per 1,000 people);SH.MED.BEDS.ZS;;;;;;;;;;;;;;;;;;;;;13,0934;13,22910023;13,3114996;13,36940002;13,51239967;13,58570004;13,56070042;13,55609989;13,54419994;13,63000011;13,66609955;13,70899963;13,46189976;13,16650009;12,14470005;11,64999962;10,32999992;8,449999809;8,18999958;7,25;7,02;6,78;6,8;7,45;7,51;7,51;7,52;7,47;7,46;7,39;7,16;6,98;6,61;6,2;5,98;5,75;5,54;5,43;5,31;5,13;6,72;;;
Kenya;KEN;Hospital beds (per 1,000 people);SH.MED.BEDS.ZS;1,250480056;;;;;;;;;;1,264299989;;;;;1,25;;;;;;;;;;1,707100034;;;;1,436200023;1,647199988;;;;;;;;;;;;1,9;;1,4;;1,4;;;;1,4;;;;;;;;;1,33;;;;
Kyrgyz Republic;KGZ;Hospital beds (per 1,000 people);SH.MED.BEDS.ZS;;;;;;;;;;;;;;;;;;;;;12,01140022;12,11849976;12,10330009;11,9364996;11,97710037;12,03040028;12,0309;12,0642004;11,94740009;11,97200012;11,97729969;12,05799961;11,93200016;10,74559975;9,60529995;8,640000343;8,409999847;8,600000382;8,300000191;7,46999979;6,97;6,09;5,46;5,24;5,07;5,04;5,01;5,3;5,28;5,13;5,06;4,98;4,92;4,82;4,74;4,55;4,52;4,4;4,28;4,2;4,19;4,23;;
Cambodia;KHM;Hospital beds (per 1,000 people);SH.MED.BEDS.ZS;0,746548891;;;;;;;;;;1,08099997;;;;;;;;;;;;;;;;;;2,098700047;;2,072099924;;;;;;;;;;;0,6;0,62;;0,1;0,6;;;0,64;;0,81;0,7;;0,83;;0,85;0,9;;0,74;;;;;
Kiribati;KIR;Hospital beds (per 1,000 people);SH.MED.BEDS.ZS;6,363636494;;;;;;;;;;12,33129978;;;;;;;;;;5,09469986;4,768300056;;;;;;;;;4,271800041;;;;;;;;1,799999952;;;;;;1,5;1,51;;;;1,5;1,33;1,3;;;;1,9;1,86;;;;;;;
St. Kitts and Nevis;KNA;Hospital beds (per 1,000 people);SH.MED.BEDS.ZS;3,862745047;;;;;;;;;;5,946499825;;;;;;;;;;8,536000252;;;;;;;;;;9,199999809;;;;;6,4;6,360000134;;;;;4,3;5,5;5,5;6;5,7;;;5,5;6;4,8;5,02;5,01;5;5;5;5;5;5;4,32;4,32;4,33;;
Korea, Rep.;KOR;Hospital beds (per 1,000 people);SH.MED.BEDS.ZS;;;;;;;;;;;;;;;;;;;;;1,700000048;;;;;2,400000095;;;;3;3,099999905;3,299999952;3,5;3,700000048;4,099999905;4,400000095;4,599999905;4,800000191;5,099999905;5,599999905;4,67;4,48;4,87;5,12;5,46;5,93;6,54;7,31;7,83;8,31;8,87;9,68;10,37;10,99;11,63;11,61;11,97;12,25;12,42;12,42;12,65;12,75;;
Kuwait;KWT;Hospital beds (per 1,000 people);SH.MED.BEDS.ZS;6,798561096;;;;;;;;;;4,834700108;;;;;;;;;;4,14470005;;;;;;;;;2,985399961;;;;;;;;2,759999991;;;2,36;2,36;2,3;2,24;2,2;2,47;2,45;2,43;2,45;2,52;2,5;2,53;2,35;2,2;2,19;2,13;2,05;2,07;2,01;2;2,35;;;
Latin America & Caribbean (excluding high income);LAC;Hospital beds (per 1,000 people);SH.MED.BEDS.ZS;3,356529313;;;;;;;;;;3,404563551;;;;;;;;;;;;;;;;;;;;2,434098404;;;2,528581017;;;2,25176001;;;;2,350550296;2,164376662;1,997185715;1,794764267;;2,089527412;1,800299071;1,721025632;1,867543054;1,855246279;2,015071994;2,001965267;2,00017816;2,028030721;2,017194475;1,983828973;2,017641168;1,967876245;1,904215244;1,888158705;1,92866303;1,992719273;;
Lao PDR;LAO;Hospital beds (per 1,000 people);SH.MED.BEDS.ZS;0,472209454;;;;;;;;;;0,927399993;;;;;;;;;;;;;;;;;;;;2,5697999;;;;;;;;;;1,16;1,15;1,13;1,1;1,15;1,15;1,12;1,15;1,16;1,03;1,06;1,32;1,53;1,1;1,09;1,16;1,21;1,58;1,47;1,69;1,27;1,31;;
Lebanon;LBN;Hospital beds (per 1,000 people);SH.MED.BEDS.ZS;4,581339359;;;;;;;;;;4,098700047;;;;;;;;;;;;;;;;;;;;1,650599957;;3,082700014;;;;;2,700000048;;;3,07;3;3;3;3;3,6;3,6;3,43;3,43;3,45;3,45;3,45;3,45;2,86;2,85;3,37;2,73;2,73;2,73;2,73;2,73;2,73;;
Liberia;LBR;Hospital beds (per 1,000 people);SH.MED.BEDS.ZS;1,322425365;;;;;;;;;;1,576900005;;;;;1,646999955;;;;;;;;;;;;;;;;;;;;;;;;;;;;;;;;;;0,7;0,8;;;;;;0,63;;1,64;;;1,59;;
Libya;LBY;Hospital beds (per 1,000 people);SH.MED.BEDS.ZS;2,755374432;;;;;;;;;;3,813699961;;;;;;;;;;;4,825500011;;;;;;;;;4,172999859;;;;;;;4,300000191;;;4,12;3,85;3,9;3,9;3,9;3,4;3,7;3,7;3,7;3,7;3,7;3,7;3,7;3,7;3,7;3,7;3,7;3,2;3,2;3,2;3,2;3,2;;
St. Lucia;LCA;Hospital beds (per 1,000 people);SH.MED.BEDS.ZS;4,280425549;;;;;;;;;;5,049300194;;;;;;;;;;;;;;;;;;;;4;;;4,351799965;;3,3;3,380000114;;;;2,3;;3,200000048;2,9;;3;2,9;2,8;;1,5;;1,47;;1,21;;1,42;;1,31;;;1,74;1,96;;
Latin America & Caribbean;LCN;Hospital beds (per 1,000 people);SH.MED.BEDS.ZS;3,43134625;;;;;;;;;;3,471984845;;;;;;;;;;;;;;;;;;;;2,493558287;;;2,567694345;;;2,268304783;;;;2,369488997;2,098734352;;1,782039954;;2,095821989;1,824548961;1,718277222;1,885665223;1,829916098;2,023605693;1,959549868;2,013818062;2,040539639;1,965485836;1,933175966;1,967956837;1,927345676;1,877601688;1,855396343;1,895863314;1,995593173;;
Least developed countries: UN classification;LDC;Hospital beds (per 1,000 people);SH.MED.BEDS.ZS;1,263299632;;;;;;;;;;0,978989612;;;;;;;;;;;;;;;;;;;;0,725792875;;;;;;;;;;;;;;;0,574595701;;;;;0,639987934;1,504334415;;;;;0,628525671;;;;;;;
Low income;LIC;Hospital beds (per 1,000 people);SH.MED.BEDS.ZS;1,439186008;;;;;;;;;;1,260508277;;;;;1,34370001;;;;;;;;;;;;;;;0,86975941;;;;;;;;;;;;;;;;0,687011927;;;;;;;;;;;;;;;;;
Liechtenstein;LIE;Hospital beds (per 1,000 people);SH.MED.BEDS.ZS;;;;;;;;;;;;;;;;;;;;;;;;;;;;;;;;;;;;;;;;;;;;;;;;;;;;;;;;;;;;;;;;
Sri Lanka;LKA;Hospital beds (per 1,000 people);SH.MED.BEDS.ZS;3,138841152;;;;;;;;;;3,016900063;;;;;3,333300114;;;;;2,944000006;2,937599897;;;;;;;;2,403000116;2,743499994;;;;;;;;;2,200000048;3,04;3,13;3;3,19;2,95;3,13;3,37;3,42;3,35;3,46;3,51;3,54;3,62;3,7;3,77;3,78;3,81;3,87;3,93;4;4,02;;;
Lower middle income;LMC;Hospital beds (per 1,000 people);SH.MED.BEDS.ZS;0,742974529;;;;;;;;;;0,833121023;;;;;0,850827301;;;;;1,135538883;1,012001465;;;;1,099963918;;;;;;1,058990131;;;;;;;;;1,839764143;1,742222753;1,695945849;1,064640472;;1,594925292;1,702245795;1,594498933;1,589372047;1,545567773;1,524870741;1,511826115;1,535519883;0,784550357;1,491928476;1,493957425;1,486024961;1,50908678;1,451081498;1,412978486;;;;
Low & middle income;LMY;Hospital beds (per 1,000 people);SH.MED.BEDS.ZS;;;;;;;;;;;1,3785622;;;;;1,546896612;;;;;1,970790052;1,958853233;;;;2,09754065;;;;;2,410142677;2,074372482;;;;;;;;;1,917907537;1,843166867;1,895037293;1,5523431;;1,805899751;1,808607598;1,826205627;1,840169836;1,883012399;1,979461409;2,055390455;2,151636165;1,82243576;2,181790618;2,214371257;2,265370817;2,393072115;2,447659128;2,469307481;2,715377673;;;
Lesotho;LSO;Hospital beds (per 1,000 people);SH.MED.BEDS.ZS;1,103720427;;;;;;;;;;1,744500041;;;;;1,628399968;;;;;;;;;;;;;;;;;;;;;;;;;;;;;;;1,3;;;;;;;;;;;;;;;;;
Late-demographic dividend;LTE;Hospital beds (per 1,000 people);SH.MED.BEDS.ZS;;;;;;;;;;;1,957432112;;;;;2,238319702;;;;;2,819926738;2,69758277;;;;4,033077773;4,075031349;4,062445523;4,177723587;4,01841299;3,890571421;4,053393028;3,977206481;3,933915603;3,919029357;3,833537868;3,67355467;3,603468832;3,696916496;3,56033274;2,786529302;2,703853828;2,86165615;2,704709103;2,723469912;2,755482947;2,753967995;2,780626753;2,898142149;2,97100871;3,161411019;3,157690287;3,451788415;3,488386831;3,633601285;3,755853474;3,880277974;4,043452724;4,318197893;4,394282331;4,552071164;;;
Lithuania;LTU;Hospital beds (per 1,000 people);SH.MED.BEDS.ZS;;;;;;;;;;;;;;;;;;;;;12,06639957;;;;;12,77600002;12,76920033;12,80290031;12,80539989;12,63580036;12,48719978;12,46539974;12,04539967;11,91059971;11,28380013;11,09000015;10,88000011;10,18999958;10,02999973;9,850000382;8,59;8,12;7,93;7,73;7,47;7,17;7,05;7,1;7,12;7,14;7,07;7,26;7,26;7,14;7,11;6,83;6,54;6,39;6,27;6,22;5,96;;;
Luxembourg;LUX;Hospital beds (per 1,000 people);SH.MED.BEDS.ZS;;;;;;;;;;;;;;;;;;;;;;;;;;;8,100000381;8;7,900000095;7,800000191;7,599999905;7,5;7,300000191;7,400000095;7,199999809;7,099999905;7;6,900000095;6,800000191;6,300000191;6,199999809;6,099999905;6;6;6,4;5,79;5,65;5,67;5,57;5,47;5,37;5,28;5,16;5,17;5,06;4,96;4,81;4,66;4,51;4,26;4,19;4,15;;
Latvia;LVA;Hospital beds (per 1,000 people);SH.MED.BEDS.ZS;;;;;;;;;;;;;;;;;;;;;13,89099979;;;;;14,30860043;14,1928997;14,23900032;14,09490013;14,02350044;14,07540035;13,6218996;12,9406004;12,23149967;12,05519962;11,18999958;10,43999958;9,800000191;9,409999847;9,029999733;8,68;8,2;7,81;7,93;7,91;7,92;7,9;7,92;7,86;6,79;5,67;5,83;5,83;5,75;5,61;5,65;5,68;5,53;5,47;5,42;5,3;;;
Macao SAR, China;MAC;Hospital beds (per 1,000 people);SH.MED.BEDS.ZS;10,12138653;;;;;;;;;;5,295300007;;;;;;;;;;;;;;;;;;;;;;;;;;;;;;;;;;;;;;;;;;;;;;;;;;;;;
St. Martin (French part);MAF;Hospital beds (per 1,000 people);SH.MED.BEDS.ZS;;;;;;;;;;;;;;;;;;;;;;;;;;;;;;;;;;;;;;;;;;;;;;;;;;;;;;;;;;;;;;;;
Morocco;MAR;Hospital beds (per 1,000 people);SH.MED.BEDS.ZS;1,598400116;;;;;;;;;;1,47420001;;;;;1,428599954;;;;;;1,228199959;;;;1,266899943;;;;;1,289999962;;;;1,112300038;;;0,980000019;;;0,88;0,88;0,88;0,89;0,87;0,86;0,86;0,87;0,86;0,85;0,84;0,83;0,83;0,82;1,1;1,1;1,1;1;;0,7;0,73;;;
Monaco;MCO;Hospital beds (per 1,000 people);SH.MED.BEDS.ZS;;;;;;;;;;;;;;;;;;;;;;;;;;;;;;18,10709953;;;21,67860031;;;19,56999969;;;;;;;;;;;14,78;14,64;14,78;15,18;15,88;18,32;17,84;22,3;22,02;;;;;;;;;
Moldova;MDA;Hospital beds (per 1,000 people);SH.MED.BEDS.ZS;;;;;;;;;;;;;;;;;;;;;12,05480003;12,08209991;12,05109978;12,07979965;12,14350033;12,22049999;12,43550014;12,66759968;12,76369953;12,72749996;13,14780045;13,11620045;12,79030037;12,48270035;12,2215004;12,21000004;12,13000011;11,61999989;11,22999954;8,18999958;6,06;5,96;5,89;5,89;5,71;5,74;5,7;5,65;5,72;5,85;5,99;6,13;6,32;6,08;6,03;5,74;5,83;5,78;5,77;5,8;5,57;5,66;;
Madagascar;MDG;Hospital beds (per 1,000 people);SH.MED.BEDS.ZS;2,406185865;;;;;;;;;;2,790800095;;;;;2,431299925;;;;;;;;;;;;;;;0,93599999;;;;;;;;;;0,43;0,33;0,419999987;0,4;;0,39;0,32;0,32;0,29;;0,34;0,32;;0,33;0,32;;;;;;;;;
Maldives;MDV;Hospital beds (per 1,000 people);SH.MED.BEDS.ZS;;;;;;;;;;;;;;;;;;;;;;;;;;;;;;;0,762799978;;;;;;;;;;1,66;1,86;1,91;2,16;2,51;2,55;4,34;4,2;2,33;3,91;;;;;;4,95;4,94;4,94;4,95;6,36;5,04;;;
Middle East & North Africa;MEA;Hospital beds (per 1,000 people);SH.MED.BEDS.ZS;1,96127394;;;;;;;;;;1,902363631;;;;;;;;;;1,948515532;1,886836712;;;;;;;;;1,866145235;;;;;;;;;;1,697330956;1,681888852;1,692638883;1,71130659;1,714359582;1,665565709;1,742239115;1,644705343;1,602001855;1,534269903;1,538385007;1,480633076;1,536591487;1,536507588;1,543719303;1,560042363;1,553862666;1,527429975;1,637501122;1,537611473;;;;
Mexico;MEX;Hospital beds (per 1,000 people);SH.MED.BEDS.ZS;;;;;;;;;;;;;;;;;;;;;0,699999988;;;;;;;;;;1;1,100000024;1,200000048;1,200000048;1,200000048;1,200000048;1,200000048;1,100000024;1,100000024;1,100000024;1,06;1,09;1,1;1,06;1,07;1,05;1,03;1,06;1,04;1,03;1,06;1,04;1,03;1,03;1,02;1;1;0,99;0,98;0,97;1;1,02;;
Marshall Islands;MHL;Hospital beds (per 1,000 people);SH.MED.BEDS.ZS;;;;;;;;;;;;;;;;;;;;;;;;;;;;;;;2,272700071;;;;;;;;;2,1;;;;;;;;;;2,7;2,73;;;;;;;;;;;;;
Middle income;MIC;Hospital beds (per 1,000 people);SH.MED.BEDS.ZS;;;;;;;;;;;1,386742715;;;;;1,55922484;;;;;2,009945797;1,98399953;;;;2,097693222;;;;;2,523901274;2,086938613;;;;;;;;;1,95227489;1,876638196;1,865396944;1,579255092;;1,865386601;1,902602487;1,867318236;1,917081744;1,93666355;1,988842333;2,032369464;2,154802917;1,8812663;2,261453758;2,330505731;2,381924405;2,482057536;2,526513155;2,539949634;2,809471667;;;
North Macedonia;MKD;Hospital beds (per 1,000 people);SH.MED.BEDS.ZS;;;;;;;;;;;5,450300217;5,443399906;5,494299889;5,402800083;5,464399815;5,444399834;5,310900211;5,269800186;5,173799992;5,243700027;5,198500156;5,181600094;5,364600182;5,338300228;5,402900219;5,511899948;5,499499798;5,433599949;5,474299908;5,499000072;5,947700024;5,78730011;5,696400166;5,600599766;5,550000191;5,409999847;5,199999809;5,159999847;5,150000095;5,099999905;5,03;4,89;4,73;4,7;4,67;4,6;4,54;4,48;4,46;4,39;4,51;4,42;4,32;4,37;4,32;4,31;4,29;4,2;4,14;4,19;4,22;;;
Mali;MLI;Hospital beds (per 1,000 people);SH.MED.BEDS.ZS;0,668505728;;;;;;;;;;0,679099977;;;;;0,714299977;;;;;;;;;;;;;;;;;;;;;;;0,239999995;;;;;;;0,3;;;0,6;0,2;0,25;0,25;0,23;0,23;0,25;0,26;0,23;0,23;0,25;;;;;
Malta;MLT;Hospital beds (per 1,000 people);SH.MED.BEDS.ZS;9,258358955;;;;;;;;;;;;;;;;;;;;;;;;9,463899612;;;9,335300446;9,257300377;9,441100121;;;;5,843200207;5,621099949;5,429999828;5,78000021;5,639999867;5,610000134;5,570000172;5,29;7,4;7,32;7,28;7,32;7,33;7,46;7,75;7,32;4,8;4,48;4,31;4,6;4,65;4,47;4,47;4,55;4,38;4,25;4,11;4,38;;;
Myanmar;MMR;Hospital beds (per 1,000 people);SH.MED.BEDS.ZS;0,663009286;;;;;;;;;;0,858099997;;;;;;;;;;0,85710001;0,857599974;;;;;;;;;0,635800004;;;;;;;;;;0,7;;0,63;0,69;0,71;0,72;0,72;0,74;0,76;0,77;0,86;0,87;0,88;0,9;0,93;1,06;1,06;1,05;1,05;1,04;1,06;;;
Middle East & North Africa (excluding high income);MNA;Hospital beds (per 1,000 people);SH.MED.BEDS.ZS;1,851243425;;;;;;;;;;1,89626894;;;;;;;;;;1,747221715;1,758756325;;;;;;;;;1,740679891;;;;;;;;;;1,595375431;1,609325854;1,598955495;1,614476896;1,619847516;1,559424237;1,661436022;1,55761336;1,528801736;1,458894295;1,467365607;1,403100221;1,466330695;1,462450348;1,465697526;1,481420921;1,475718299;1,443490698;1,54155894;1,42646605;;;;
Montenegro;MNE;Hospital beds (per 1,000 people);SH.MED.BEDS.ZS;;;;;;;;;;;;;;;;;;;;;;;;;;;;;;;;;;;;;;;;;4,13;4,16;4,11;4,14;4,15;4,12;4,09;3,94;3,84;3,86;3,91;3,9;3,9;3,81;3,86;3,86;3,86;3,8;3,86;3,81;3,81;;;
Mongolia;MNG;Hospital beds (per 1,000 people);SH.MED.BEDS.ZS;8,681960106;;;;;;;;;;9,495200157;;;;;;;;;;11,19719982;11,02890015;;;;;;;;;;11,48649979;;;;;;;;;7,33;7,32;7,46;7,22;7,24;7,14;7,11;6,91;6,86;6,65;6,59;6,91;7,01;6,98;7,09;7,33;7,58;7,72;7,86;7,94;8,22;10,55;;
Northern Mariana Islands;MNP;Hospital beds (per 1,000 people);SH.MED.BEDS.ZS;;;;;;;;;;;;;;;;;;;;;;;;;;;;;;;;;;;;;;;;;;;;;;;;;;;;;;;;;;;;;;;;
Mozambique;MOZ;Hospital beds (per 1,000 people);SH.MED.BEDS.ZS;0,808872819;;;;;;;;;;1,175199986;;;;;;;;;;1,089699984;;;;;;;;;;0,8671;;;;;;;;;;;;;;;;0,85;0,75;0,79;0,84;0,85;0,84;0,85;0,8;0,8;0,78;0,78;0,76;0,76;0,71;0,7;0,73;;
Mauritania;MRT;Hospital beds (per 1,000 people);SH.MED.BEDS.ZS;0,204843596;;;;;;;;;;0,344000012;;;;;0,344300002;;;;;;;;;0,7676;;;;;;0,665400028;;;;;;;;;;;;;;;;0,4;;;;;;;;;;;;;;;;;
Mauritius;MUS;Hospital beds (per 1,000 people);SH.MED.BEDS.ZS;4,716666698;;;;;;;;;;3,951600075;;;;;3,299700022;;;;;3,122200012;;;;;3,34649992;;;;;;2,886600018;3,135099888;3,094799995;3,074599981;;;;;;3,76;3,66;3,54;3,41;3,41;3,37;3,4;3,35;3,34;3,48;3,4;3,34;3,46;3,45;3,43;3,47;3,51;3,51;3,54;3,63;3,64;3,71;;
Malawi;MWI;Hospital beds (per 1,000 people);SH.MED.BEDS.ZS;1,118730545;;;;;;;;;;1,538499951;;;;;;;;;;;;;;;;;;;0,841899991;1,550699949;;;;;;;;1,340000033;;;;;;;;;1,1;;;;1,3;;;;;;;;;;;;
Malaysia;MYS;Hospital beds (per 1,000 people);SH.MED.BEDS.ZS;3,728132725;;;;;;;;;;3,469700098;;;;;3,346699953;;;;;;2,278300047;;;;2,557600021;;2,477900028;;2,33949995;2,130599976;2,093899965;2,06069994;2,029500008;2,021500111;2,029999971;2,009999991;;;;2,05;2,01;1,96;1,92;1,89;1,87;1,9;1,9;1,92;1,91;1,91;1,9;1,9;1,91;1,86;1,87;1,89;1,91;1,93;1,94;1,97;2,01;;
North America;NAC;Hospital beds (per 1,000 people);SH.MED.BEDS.ZS;8,929438969;;;;;8,800000191;;;;;7,815222548;7,5;7,400000095;7,199999809;7,099999905;6,800000191;6,629131952;6,448625632;6,268036196;6,167966376;6,077907708;5,997606426;5,988033304;5,897880275;5,807743935;5,627365699;5,527446049;5,33777554;5,238259129;5,12937018;5,009840327;4,899770946;4,689629463;4,589452369;4,300000191;4,189221283;3,969786817;3,859305208;3,749271706;3,629473643;3,508444669;3,482579199;3,406543567;3,337702054;3,268686631;3,181146413;3,146221629;3,105234851;3,084375215;3,035301182;3,006228864;2,926102413;2,89805016;2,846013198;2,787982355;2,754974688;2,716930311;2,790696619;2,75758798;2,727384604;2,721477333;;;
Namibia;NAM;Hospital beds (per 1,000 people);SH.MED.BEDS.ZS;;;;;;;;;;;;;;;;;;;;;;;;;;;;;;;;;;;;;;;;;;;;;;;3,3;;;2,7;;;;;;;;;;;;;;
New Caledonia;NCL;Hospital beds (per 1,000 people);SH.MED.BEDS.ZS;;;;;;;;;;;;;;;;;;;;;;;;;;;;;;;;;;;;;;;;;;;;;;;;;;;;;;;;;;;;;;;;
Niger;NER;Hospital beds (per 1,000 people);SH.MED.BEDS.ZS;0,409490883;;;;;;;;;;0,494700015;;;;;0,495299995;;;;;;;;;;;;0,543900013;;;;;;;0,194600001;0,119999997;0,119999997;0,180000007;0,119999997;;;;;;;0,3;;;;;0,35;;0,44;0,32;0,29;0,26;0,3;0,18;0,24;0,29;0,27;;;
Nigeria;NGA;Hospital beds (per 1,000 people);SH.MED.BEDS.ZS;0,418167114;;;;;;;;;;0,559800029;;;;;0,555800021;;;;;0,86619997;;;;;;;;6,370299816;;1,668200016;;;;;;;;;;1,2;;;;0,5;;;;;;;;;;;;;;;;;;;
Nicaragua;NIC;Hospital beds (per 1,000 people);SH.MED.BEDS.ZS;2,158236027;;;;;;;;;;2,280299902;;;;;2,411900043;;;;;;;;;;2,405999899;;;;1,826900005;1,82130003;;;1,799999952;;;1,480000019;;;;;;;0,899999976;0,9;0,81;0,79;0,88;0,87;0,88;0,88;0,9;0,89;0,93;0,94;0,9;0,89;0,89;0,92;0,96;0,94;0,9;;
Netherlands;NLD;Hospital beds (per 1,000 people);SH.MED.BEDS.ZS;;;;;;;;;;;;;;;;;;;;;;;;;;;;;;;5,800000191;5,699999809;5,699999809;5,599999905;5,400000095;5,300000191;5,199999809;5,199999809;5,099999905;5;4,93;4,77;4,71;4,52;4,52;4,45;4,4;4,29;4,25;4,21;4,12;3,97;3,77;3,68;3,53;3,47;3,39;3,26;3,17;3,02;2,91;;;
Norway;NOR;Hospital beds (per 1,000 people);SH.MED.BEDS.ZS;;;;;;;;;;;;;;;;;;;;;;;;;;;5,900000095;5,699999809;5,300000191;4,800000191;4,599999905;4,400000095;4,300000191;4,199999809;4,099999905;4;4;4;4;3,900000095;3,8;3,82;4,99;4,99;5,24;5,16;5,03;4,86;4,63;4,52;4,3;4,19;3,97;3,86;3,84;3,76;3,68;3,6;3,53;3,47;3,4;;;
Nepal;NPL;Hospital beds (per 1,000 people);SH.MED.BEDS.ZS;0,115763798;;;;;;;;;;0,135299996;;;;;0,137700006;;;;;0,175600007;;;;;0,180199996;;0,226999998;0,239800006;0,244299993;0,243599996;0,237200007;0,242599994;0,238700002;0,232299998;0,170000002;0,159999996;0,170000002;;0,200000003;;0,21;0,21;0,2;0,2;0,26;0,26;0,26;0,26;0,26;0,26;0,26;0,26;0,27;0,27;0,25;0,17;0,21;0,25;0,29;0,28;0,39;;
Nauru;NRU;Hospital beds (per 1,000 people);SH.MED.BEDS.ZS;;;;;;;;;;;;;;;;;;;;;;;;;;;;;;;;;;;;;;;;;;;;;3,5;;;3,5;;;4,88;;;;;;;;;;;;;
New Zealand;NZL;Hospital beds (per 1,000 people);SH.MED.BEDS.ZS;11,69999981;;;;;;;;;;10,80000019;;;;;;;;;;10,19999981;;;;;9,5;;;;;8,5;7,400000095;7,099999905;6,5;6,699999809;6,199999809;6,099999905;6,099999905;6,199999809;;;;6,2;;;;;;;2,41;2,75;2,82;2,83;2,78;2,75;2,72;2,75;2,74;2,63;2,55;2,51;2,66;;
OECD members;OED;Hospital beds (per 1,000 people);SH.MED.BEDS.ZS;8,561445674;;;;;;;;;;8,661040628;;;;;;;;;;7,553216584;;;;;7,977872281;;;;;5,555498638;5,790074537;5,519746765;6,392987666;6,527961737;6,308282377;6,001057473;6,06859305;5,953769662;5,844308333;5,551196881;5,499075475;5,458590956;5,256352058;5,194911172;5,260589987;5,066017895;5,049999025;5,132047422;5,066004416;4,896266311;4,843702955;4,829754438;4,791631837;4,763469152;4,724967651;4,706279403;4,725004843;4,690438872;4,63470486;4,606073357;;;
Oman;OMN;Hospital beds (per 1,000 people);SH.MED.BEDS.ZS;0,335125446;;;;;;;;;;;;;;;;;;;;1,620300055;1,607599974;;;;;;;;2,507200003;2,108799934;;;;;;;;2,200000048;;1,93;1,89;1,85;1,85;1,82;1,81;1,78;1,74;1,74;1,72;1,63;1,46;1,32;1,26;1,22;1,19;1,14;1,11;1,09;1,1;1,16;;;
Other small states;OSS;Hospital beds (per 1,000 people);SH.MED.BEDS.ZS;;;;;;;;;;;;;;;;;;;;;;;;;;;;;;;;;;;;;;;;;3,841733582;3,979024002;3,947314207;3,70205338;3,565769242;3,324194001;3,233211572;3,540063932;3,426668129;3,5896535;3,242710334;2,929862676;3,031670456;2,81251752;2,877833917;2,963539909;2,957801088;2,910748998;2,903440716;;;;;
Pakistan;PAK;Hospital beds (per 1,000 people);SH.MED.BEDS.ZS;0,557261586;;;;;;;;;;0,520799994;;;;;0,526300013;;;;;0,573099971;0,569299996;;;;;0,5995;;;0,604300022;0,639999986;0,652199984;0,644699991;0,651499987;;;;;;;0,5;0,5;0,49;0,48;0,48;0,47;0,47;0,46;0,45;0,44;0,44;0,44;0,46;0,48;0,48;0,48;0,5;0,52;0,51;0,51;;;;
Panama;PAN;Hospital beds (per 1,000 people);SH.MED.BEDS.ZS;3,775310755;;;;;;;;;;2,974100113;;;;;3,381700039;;;;;;;;;;3,353300095;;;;;2,5;;;2,700000048;;;2,210000038;;;;2,32;2,24;2,2;2,17;2,1;1,99;2,06;2,09;2,21;2,27;2,14;2,07;2,13;2,13;2,05;2,09;2,06;2,15;1,96;1,94;1,92;;;
Peru;PER;Hospital beds (per 1,000 people);SH.MED.BEDS.ZS;2,411438942;;;;;;;;;;2,172800064;;;;;2,5;;;;;;;;;;1,684499979;;;;;1,413200021;;1,5;1,299999952;1,35710001;;1,470000029;;;;;;;1,399999976;0,9;;;1,2;1,5;1,6;1,5;1,54;1,54;1,54;1,59;1,58;1,62;1,62;1,59;1,58;1,64;1,6;;
Philippines;PHL;Hospital beds (per 1,000 people);SH.MED.BEDS.ZS;0,838957667;;;;;;;;;;1,189800024;;;;;1,709499955;1,709400058;;;;1,708899975;;1,713500023;1,714699984;1,715299964;1,755699992;1,71420002;;;;1,391899943;1,274500012;1,370100021;1,071099997;;;;;;;1,01;1;1,05;1,02;0,97;1;1,05;1,03;1,54;1,03;1,04;1,06;1,03;0,97;0,94;0,95;1,05;0,99;0,95;0,98;0,99;0,96;;
Palau;PLW;Hospital beds (per 1,000 people);SH.MED.BEDS.ZS;;;;;;;;;;;;;;;;;;;;;;;;;;;;;;;;;;;;;;;4,4;;;;;;;;5,9;5;;4,9;4,32;;;;;;;;;;;;;
Papua New Guinea;PNG;Hospital beds (per 1,000 people);SH.MED.BEDS.ZS;;;;;;;;;;;6,602399826;;;;;4,943200111;;;;;5,544400215;;;;4,998300076;4,7354002;;;;3,329900026;4,024199963;;;;;;;;;;;;;;;;;;;;;;;;;;;;;0,17;;;;
Poland;POL;Hospital beds (per 1,000 people);SH.MED.BEDS.ZS;4,599999905;;;;;;;;;;5,199999809;;;;;;;;;;5,599999905;;;;;5,699999809;;;;;5,699999809;5,699999809;5,599999905;5,599999905;5,599999905;5,5;5,5;5,400000095;5,300000191;5,099999905;4,900000095;;5,599999905;6,61;6,6;6,45;6,4;6,36;6,55;6,58;6,51;6,53;6,53;6,51;6,53;6,54;6,54;6,53;6,44;6,09;6,11;;;
Pre-demographic dividend;PRE;Hospital beds (per 1,000 people);SH.MED.BEDS.ZS;1,421182047;;;;;;;;;;1,369751523;;;;;;;;;;;;;;;;;;;;1,32626572;;;;;;;;;;;;;;;;;;;;;;;;;;;;;;;;;
Puerto Rico;PRI;Hospital beds (per 1,000 people);SH.MED.BEDS.ZS;;;;;;;;;;;;;;;;;;;;;;;;;;;;;;;;;;;;;3,319999933;;;;;;;;;;;;;;;;;;;;;;;;;;;
Korea, Dem. People's Rep.;PRK;Hospital beds (per 1,000 people);SH.MED.BEDS.ZS;;;;;;;;;;;;;;;;;;;;;;;;;;;;;;;;;;;;;;;;;;;13,2;;;;;;;;14,3;;13,2;;;;;;;;;;;
Portugal;PRT;Hospital beds (per 1,000 people);SH.MED.BEDS.ZS;;;;;;;;;;;;;;;;;;;;;;;;;;4;4;4;4;4,099999905;4,099999905;4,099999905;4;3,900000095;3,900000095;3,900000095;4;3,900000095;3,900000095;3,799999952;3,71;3,65;3,56;3,58;3,58;3,55;3,47;3,43;3,38;3,36;3,37;3,37;3,4;3,39;3,32;3,37;3,39;3,39;3,44;3,51;3,53;;;
Paraguay;PRY;Hospital beds (per 1,000 people);SH.MED.BEDS.ZS;2,389250755;;;;;;;;;;1,629400015;;;;;1,682999969;;;;;;;;;;;;;;1,32009995;0,932200015;;;1,299999952;0,600899994;;1,340000033;;;;0,78;0,77;0,83;0,81;0,78;0,81;0,8;0,8;0,82;0,82;0,84;0,83;0,84;0,87;0,89;0,84;0,89;0,89;0,9;0,9;1,01;;;
West Bank and Gaza;PSE;Hospital beds (per 1,000 people);SH.MED.BEDS.ZS;;;;;;;;;;;;;;;;;;;;;;;;;;;;;;;;;;;;;1,200000048;;;;;;;;;;;;;;;;;;;;;;;;;;;
Pacific island small states;PSS;Hospital beds (per 1,000 people);SH.MED.BEDS.ZS;4,836772842;;;;;;;;;;4,957495017;;;;;;;;;;3,616154061;3,718200794;;;;;;;;;;;;;;;;;;;;;;;;2,05734248;;;;;;1,779508183;;;;;;;;;;;;
Post-demographic dividend;PST;Hospital beds (per 1,000 people);SH.MED.BEDS.ZS;9,286355866;;;;;;;;;;9,437083236;;;;;;;;;;8,97160853;;;;;8,685062083;;;;;7,025540071;7,039806819;6,740245707;7,762976719;7,742867529;7,489666357;7,281445124;7,088076867;6,921199297;6,778968114;6,510437154;6,40988023;6,342435807;6,226700214;6,160731628;6,079899556;6,027328662;6,029690107;5,935190965;5,89603623;5,842974857;5,773875385;5,762250202;5,711129799;5,623854742;5,580732451;5,539797555;5,579553756;5,541801015;5,487254725;5,407640836;;;
French Polynesia;PYF;Hospital beds (per 1,000 people);SH.MED.BEDS.ZS;;;;;;;;;;;;;;;;;;;;;;;;;;;;;;;;;;;;;;;;;;;;;;;;;;;;;;;;;;;;;;;;
Qatar;QAT;Hospital beds (per 1,000 people);SH.MED.BEDS.ZS;;;;;;;;;;;5,531499863;;;;;;;;;;;2,939599991;;;;;;;;2,300299883;;;;;;;;1,649999976;;;2,08;2,12;2,04;1,96;1,99;1,96;2,11;1,65;1,41;1,25;1,22;1,22;1,31;1,18;1,08;1,02;1,01;0,94;1,03;1,12;;;;
Romania;ROU;Hospital beds (per 1,000 people);SH.MED.BEDS.ZS;7,273270607;;;;;;;;;;;;;;;;;;;;8,776200294;8,775099754;8,810700417;;8,895799637;8,940400124;8,94659996;8,950200081;8,942199707;8,93710041;8,919899941;8,922100067;7,862100124;7,869900227;7,69449997;7,639999867;7,559999943;7,380000114;7,309999943;7,309999943;7,88;7,95;7,72;6,83;6,86;6,95;6,96;6,79;6,86;6,95;6,63;6,48;6,57;6,65;6,68;6,76;6,81;6,85;6,92;7;7,06;;;
Russian Federation;RUS;Hospital beds (per 1,000 people);SH.MED.BEDS.ZS;;;;;;;;;;;;;;;;;;;;;;;;;;12,98159981;13,04629993;13,11760044;13,17520046;13,18620014;13,05529976;12,70199966;12,23429966;12,19589996;11,96119976;11,86999989;11,63000011;11,34000015;11,10999966;10,85000038;10,72;10,65;10,52;10,4;9,84;9,7;9,6;9,44;9,17;8,93;8,73;8,55;8,37;8,11;7,89;7,58;7,4;7,25;7,17;7,07;7,08;7,03;;
Rwanda;RWA;Hospital beds (per 1,000 people);SH.MED.BEDS.ZS;;;;;;;;;;;1,253999949;;;;;1,242599964;;;;;1,527999997;1,478099942;;;;;;;;0,867900014;1,65199995;;;;;;;;;;;;;;1,7;;1,6;1,6;0,6;0,75;0,74;0,72;0,71;0,77;0,71;0,74;0,73;0,72;0,72;0,72;0,74;;;
South Asia;SAS;Hospital beds (per 1,000 people);SH.MED.BEDS.ZS;0,506591658;;;;;;;;;;0,580814544;;;;;0,625823932;;;;;0,722533421;0,725877174;;;;0,703434175;;0,701954024;;;;0,71520177;;;;;;;;;1,912859128;1,701429825;1,671198635;0,860703476;;1,590259697;1,700722547;1,559377505;1,535174535;1,523110782;1,511993148;1,489432514;1,484785642;0,532154491;1,454881429;1,44768161;1,437155044;1,437086649;1,423951967;1,409489269;1,59716251;1,542874643;;
Saudi Arabia;SAU;Hospital beds (per 1,000 people);SH.MED.BEDS.ZS;0,774723947;;;;;;;;;;1,181399941;;;;;;;;;;;1,458199978;;;;;;;;;2,496400118;;;;;;;2,299999952;;;2,3;;2,08;2,12;2,16;2,18;2,11;2,03;1,96;1,96;1,98;1,95;1,98;2,05;2,12;2,12;2,12;2,13;2,15;2,15;2,18;2,15;;
Sudan;SDN;Hospital beds (per 1,000 people);SH.MED.BEDS.ZS;1,006500959;;;;;;;;;;1,042600036;;;;;0,993200004;;;;;0,890699983;0,870199978;;;;;;;;;1,088000059;;;;;;;;;;0,81;0,74;0,73;0,73;0,71;0,72;0,73;0,76;0,73;0,73;0,72;0,84;0,82;0,82;0,8;0,67;0,67;0,74;0,66;0,66;0,66;;;
Senegal;SEN;Hospital beds (per 1,000 people);SH.MED.BEDS.ZS;1,313147187;;;;;;;;;;1,298499942;;;;;1,290099978;;;;;;;;;;;;;;0,523999989;0,729600012;;;;0,247500002;;0,449999988;;0,400000006;;;;;;;;;0,1;0,3;;;;;;;0,69;0,73;;;0,73;;;;
Singapore;SGP;Hospital beds (per 1,000 people);SH.MED.BEDS.ZS;4,392466545;;;;;;;;;;3,698299885;;;;;3,333300114;;;;;3,956500053;3,907999992;;;;;;;;;3,607800007;3,547199965;3,451400042;3,642699957;3,56520009;;;;;;;2,900000095;;2,8;;3,2;2,47;2,37;2,3;2,24;2,15;2,1;2,15;2,15;2,2;2,35;2,44;2,42;2,5;2,6;2,63;2,65;;
Solomon Islands;SLB;Hospital beds (per 1,000 people);SH.MED.BEDS.ZS;7,330508709;;;;;;;;;;7,341599941;;;;;;;;;;;5,682899952;;;;;;;;;0,828100026;;2,748100042;;;;;;;;;;;2,2;;1,4;;;;;;1,66;1,4;;;;;;;;;;;
Sierra Leone;SLE;Hospital beds (per 1,000 people);SH.MED.BEDS.ZS;0,772869229;;;;;;;;;;0,925499976;;;;;0,906899989;;;;;1,21449995;;;;;;;;;;;;;;;;;;;;;;;;;;0,4;;;;;;;;;;;;;;;;;
El Salvador;SLV;Hospital beds (per 1,000 people);SH.MED.BEDS.ZS;2,183475494;;;;;;;;;;1,902400017;;;;;1,985000014;;;;;;;;;;;;;;;1,471099973;;;1,5;;;1,649999976;;;;;;;;;0,9;0,9;0,7;0,8;1,1;1;1,04;1,08;1,08;1,37;1,03;1,07;1,06;1,07;1,06;1,08;1,16;;
San Marino;SMR;Hospital beds (per 1,000 people);SH.MED.BEDS.ZS;;;;;;;;;;;;;;;;;;;;;6,671999931;;;;6,820000172;6,768000126;6,699999809;6,65899992;7,657000065;7,445000172;7,159999847;;;;;;;;;;;;;;;;;;;;;3,48;3,41;3,39;3,38;;;;;;;;;
Somalia;SOM;Hospital beds (per 1,000 people);SH.MED.BEDS.ZS;1,355319142;;;;;;;;;;1,355700016;;;;;1,422000051;;;;;;;;;;;;;0,906300008;;0,753499985;;;;;;;0,400000006;;;0,42;0,42;0,42;0,42;0,42;;;;;;;;;0,87;0,87;0,87;0,87;0,87;0,87;0,87;;;;
Serbia;SRB;Hospital beds (per 1,000 people);SH.MED.BEDS.ZS;;;;;;;;;;;;;;;;;;;;;;;;;;;;;;;;;;;;;;;;;;;;;;5,9;5,27;5,09;5,08;5,1;5,13;5,15;5,16;5,21;5,22;5,27;5,27;5,27;5,3;5,34;5,35;;;
Sub-Saharan Africa (excluding high income);SSA;Hospital beds (per 1,000 people);SH.MED.BEDS.ZS;1,403543672;;;;;;;;;;1,361991189;;;;;1,280177976;;;;;;;;;;;;;;;1,212741915;;;;;;;;;;;;;;;;;;;;;;;;;;;;;;;;;
South Sudan;SSD;Hospital beds (per 1,000 people);SH.MED.BEDS.ZS;;;;;;;;;;;;;;;;;;;;;;;;;;;;;;;;;;;;;;;;;;;;;;;;;;;;;;;;;;;;;;;;
Sub-Saharan Africa;SSF;Hospital beds (per 1,000 people);SH.MED.BEDS.ZS;1,404711546;;;;;;;;;;1,363085879;;;;;1,281105296;;;;;;;;;;;;;;;1,212741915;;;;;;;;;;;;;;;;;;;;;;;;;;;;;;;;;
Small states;SST;Hospital beds (per 1,000 people);SH.MED.BEDS.ZS;;;;;;;;;;;;;;;;;;;;;;;;;;;;;;;;;;;;;;;;;;;;;3,433393496;3,129114938;3,129518511;3,140430712;;3,295998496;3,152916179;2,745052341;2,902909917;2,736455745;2,781466772;2,833149344;2,837225721;2,784173461;2,846766964;;;;;
Sao Tome and Principe;STP;Hospital beds (per 1,000 people);SH.MED.BEDS.ZS;40,31545639;;;;;;;;;;26,71229935;;;;;;;;;;;;;;;;;;;;;4,737299919;;;;;;;;;;;;3,2;;;3,2;;;;;2,9;;;;;;;;2,89;;;;
Suriname;SUR;Hospital beds (per 1,000 people);SH.MED.BEDS.ZS;6,510344982;;;;;;;;;;5,677400112;;;;;;;;;;8,926799774;;;;;;;;;;5,699999809;;;;;3,1;3,74000001;;;;3,9;3,599999905;;;3,1;;3,3;3,1;;2,6;2,99;3,05;3,02;2,99;2,96;2,93;2,83;2,86;2,88;2,72;2,89;;;
Slovak Republic;SVK;Hospital beds (per 1,000 people);SH.MED.BEDS.ZS;;;;;;;;;;;;;;;;;;;;;;;;;;8,95471;8,94222;8,95051;8,81316;8,81631;7,448200226;7,577899933;7,560900211;7,874000073;7,099299908;;8,300000191;8,100000382;8;8;7,87;7,67;7,57;7,25;6,91;6,78;6,73;6,78;6,59;6,54;6,46;6,05;5,91;5,8;5,78;5,75;5,78;5,82;5,7;5,76;5,68;;;
Slovenia;SVN;Hospital beds (per 1,000 people);SH.MED.BEDS.ZS;;;;;;;;;;;;;;;;;;;;;6,952600002;;6,679500103;;6,500999928;6,326099873;6,26789999;6,215300083;6,138000011;6,063399792;6,040800095;6,011300087;5,936999798;5,800700188;5,776899815;5,75;5,659999847;5,670000076;5,619999886;5,550000191;5,41;5,19;5,12;4,97;4,8;4,82;4,75;4,65;4,71;4,59;4,55;4,6;4,52;4,52;4,51;4,48;4,43;4,43;4,36;4,38;4,25;;;
Sweden;SWE;Hospital beds (per 1,000 people);SH.MED.BEDS.ZS;14,19999981;;;;;;;;;;15,30000019;;;;;;;;;;15,10000038;;;;;14,60000038;;;;;12,39999962;11,89999962;7,599999905;7;6,5;4,900000095;4,400000095;5,2;3,799999952;3,700000048;3,58;3,27;3,13;3,05;3,01;2,93;2,88;2,86;2,8;2,76;2,73;2,7;2,65;2,58;2,52;2,43;2,33;2,21;2,14;2,07;2,05;;;
Eswatini;SWZ;Hospital beds (per 1,000 people);SH.MED.BEDS.ZS;1,944785237;;;;;;;;;;3,374700069;;;;;;;;;;;;;;;;;;;;;;;;;;;;;;;;;;;;2,1;;;;;2,1;;2,04;;;;;;;;;;
Sint Maarten (Dutch part);SXM;Hospital beds (per 1,000 people);SH.MED.BEDS.ZS;;;;;;;;;;;;;;;;;;;;;;;;;;;;;;;;;;;;;;;;;;;;;;;;;;;;;;;;;;;;;;;;
Seychelles;SYC;Hospital beds (per 1,000 people);SH.MED.BEDS.ZS;7,098321438;;;;;;;;;;6,492499828;;;;;4,949699879;;;;;;;;;;4,822000027;;;;6,283299923;;;;;;;;;;;;;;5,01;4,91;4,76;4,79;4,54;3,8;3,61;3,57;3,36;3,22;3,12;3,08;3,04;3;2,97;3,24;3,25;3,19;;;
Syrian Arab Republic;SYR;Hospital beds (per 1,000 people);SH.MED.BEDS.ZS;1,076737523;;;;;;;;;;0,993399978;;;;;1;;;;;1,104500055;1,145799994;;;;;;;;;1,086500049;;;;;;1,5;;1,5;1,399999976;1,4;1,4;1,38;1,49;1,49;1,28;1,47;1,47;1,54;1,51;1,54;1,55;1,53;1,52;1,5;1,47;1,46;1,4;1,26;1,26;1,39;1,43;;
Turks and Caicos Islands;TCA;Hospital beds (per 1,000 people);SH.MED.BEDS.ZS;;;;;;;;;;;;;;;;;;;;;;;;;;;;;;;;;;;;;;;;;;;;;;;;;;;;;;;;;;;;;;;;
Chad;TCD;Hospital beds (per 1,000 people);SH.MED.BEDS.ZS;0,697454333;;;;;;;;;;1,309999943;;;;;;;;;;;;;;;;;;;;;0,720099986;;;;;;;;;;;;;;0,4;;;;;;;;;;0,49;;0,45;;;;;;
East Asia & Pacific (IDA & IBRD countries);TEA;Hospital beds (per 1,000 people);SH.MED.BEDS.ZS;;;;;;1,440000057;1,519999981;1,5;1,450000048;1,450000048;1,438996049;1,580000043;1,710000038;1,769999981;1,850000024;1,779084716;1,987109021;2,069999933;2,140000105;2,200000048;2,222524042;2,29376796;2,23384637;2,26208045;2,30811661;2,118230669;2,365421152;2,479968954;2,53728792;2,351986618;2,275397829;2,269606486;2,275195492;2,288472333;2,346436981;2,572288104;2,540908346;2,499919781;2,251053021;2,504884862;1,529482221;1,528330107;1,532251202;1,559084491;1,589040797;1,629182293;1,696181501;1,750870386;1,869880659;1,972915642;2,098783979;2,265697279;2,530794825;2,729673578;2,91126329;3,070675032;3,232759638;3,453286194;3,656282086;3,833761886;4,004522049;;;
Europe & Central Asia (IDA & IBRD countries);TEC;Hospital beds (per 1,000 people);SH.MED.BEDS.ZS;;;;;;;;;;;;;;;;;;;;;;;;;;10,12051336;10,62076031;10,65178034;10,68279686;10,70113644;10,23207555;10,00465465;9,772110731;9,609346237;9,333245592;9,121718974;8,752417203;8,262586636;7,963196352;7,745174209;7,490125146;7,659560943;7,418571612;7,387829874;7,139751335;7,046690061;6,981356304;6,887114456;6,80040969;6,784727791;6,650817523;6,491718034;6,395682782;6,253791645;6,023722895;5,891370143;5,788840223;5,728214752;5,71060411;5,627020435;5,675047167;;;
Togo;TGO;Hospital beds (per 1,000 people);SH.MED.BEDS.ZS;1,265091896;;;;;;;;;;1,533300042;;;;;1,439900041;;;;;;;;;;;;;;;1,511100054;;;;;;;;;;;;0,94;0,83;0,8;0,71;0,86;0,65;0,63;0,64;0,59;0,57;0,64;0,64;0,63;0,65;0,67;0,65;0,65;0,58;;;;
Thailand;THA;Hospital beds (per 1,000 people);SH.MED.BEDS.ZS;0,740034878;;;;;;;;;;1,137300014;;;;;1,111899972;;;;;1,535099983;;;;;;;;;;1,63259995;1,661299944;1,706699967;;;1,99000001;;;;2,200000048;2,16;2,16;2,09;2,08;2,04;2,02;2,03;2,08;1,87;1,73;1,96;2,1;2,13;2,17;2,15;2,14;2;2,13;2,1;2,22;2,33;2,34;;
Tajikistan;TJK;Hospital beds (per 1,000 people);SH.MED.BEDS.ZS;;;;;;;;;;;;;;;;;;;;;;;;;;10,64480019;10,64490032;10,65559959;10,67420006;10,62979984;10,66180038;10,96290016;11,24230003;10,68120003;8,941300392;8,199999809;7,46999979;7,21999979;6,909999847;6,800000191;6,45;6,3;6,18;6,03;5,96;5,85;5,72;5,4;5,28;5,17;5,01;4,9;4,79;4,74;4,65;4,58;4,56;4,49;4,43;4,35;4,36;4,32;;
Turkmenistan;TKM;Hospital beds (per 1,000 people);SH.MED.BEDS.ZS;;;;;;;;;;;;;;;;;;;;;10,46049976;;;;;10,66800022;11,12220001;11,10499954;11,12930012;11,19340038;11,48499966;11,55500031;11,41530037;11,67889977;11,47070026;10,26000023;8,010000229;7,110000134;;;5,23;5,35;5,27;5,19;5,07;4,35;4,29;4,02;3,98;3,97;3,92;3,87;3,76;3,71;3,78;4,25;4,21;4,21;4,19;4,13;4,09;4,03;;
Latin America & the Caribbean (IDA & IBRD countries);TLA;Hospital beds (per 1,000 people);SH.MED.BEDS.ZS;3,38839041;;;;;;;;;;3,421975768;;;;;;;;;;;;;;;;;;;;2,41880723;;;2,483461964;;;2,188998984;;;;2,280411199;2,003026407;;1,703597463;;2,022561386;1,741714918;1,648133985;1,812924825;1,763278568;1,97015439;1,917423407;1,971218927;1,998614759;1,92565718;1,892341018;1,926099664;1,885668992;1,835912314;1,813354338;1,854635921;1,948470922;;
Timor-Leste;TLS;Hospital beds (per 1,000 people);SH.MED.BEDS.ZS;;;;;;;;;;;;;;;;;;;;;;;;;;;;;;;;;;;;;;;;;;;;;;;;;;5,9;5,9;;;;;;;;;;;;;
Middle East & North Africa (IDA & IBRD countries);TMN;Hospital beds (per 1,000 people);SH.MED.BEDS.ZS;1,851243425;;;;;;;;;;1,89626894;;;;;;;;;;1,747221715;1,758756325;;;;;;;;;1,740679891;;;;;;;;;;1,595375431;1,609325854;1,598955495;1,614476896;1,619847516;1,559424237;1,661436022;1,55761336;1,528801736;1,458894295;1,467365607;1,403100221;1,466330695;1,462450348;1,465697526;1,481420921;1,475718299;1,443490698;1,54155894;1,42646605;;;;
Tonga;TON;Hospital beds (per 1,000 people);SH.MED.BEDS.ZS;2,5;;;;;;;;;;2,592999935;;;;;;;;;;3,446799994;3,539400101;;;;;;;;;;;;;;;;;;;;3,200000048;;;2,4;;;;2,4;;2,48;;;;;;;;;;;;;
South Asia (IDA & IBRD);TSA;Hospital beds (per 1,000 people);SH.MED.BEDS.ZS;0,506591658;;;;;;;;;;0,580814544;;;;;0,625823932;;;;;0,722533421;0,725877174;;;;0,703434175;;0,701954024;;;;0,71520177;;;;;;;;;1,912859128;1,701429825;1,671198635;0,860703476;;1,590259697;1,700722547;1,559377505;1,535174535;1,523110782;1,511993148;1,489432514;1,484785642;0,532154491;1,454881429;1,44768161;1,437155044;1,437086649;1,423951967;1,409489269;1,59716251;1,542874643;;
Sub-Saharan Africa (IDA & IBRD countries);TSS;Hospital beds (per 1,000 people);SH.MED.BEDS.ZS;1,404711546;;;;;;;;;;1,363085879;;;;;1,281105296;;;;;;;;;;;;;;;1,212741915;;;;;;;;;;;;;;;;;;;;;;;;;;;;;;;;;
Trinidad and Tobago;TTO;Hospital beds (per 1,000 people);SH.MED.BEDS.ZS;5,589560986;;;;;;;;;;4,943399906;;;;;4,985199928;;;;;;;;;;;5,03730011;;;;4;;;3,242599964;;3,8;5,110000134;;;;3,3;3,400000095;;3,3;;2,6;2,7;2,7;2,5;2,6;2,01;;2,55;2,53;2,79;2,38;2,41;2,41;2,38;1,9;1,92;1,61;;
Tunisia;TUN;Hospital beds (per 1,000 people);SH.MED.BEDS.ZS;2,467661619;;;;;;;;;;2,444299936;;;;;2,5;;;;;2,125799894;;;;;;;;;1,96570003;1,916700006;2,012300015;2,857300043;;1,761500001;;2;1,700000048;;;1,68;1,73;1,65;1,65;1,7;1,7;1,71;1,7;1,76;1,78;1,8;1,78;1,77;1,78;1,77;1,77;1,77;1,78;1,79;1,79;2,38;2,42;;
Turkiye;TUR;Hospital beds (per 1,000 people);SH.MED.BEDS.ZS;1,700000048;;;;;1,799999952;;;;;2;;;;;2;;;;;2,200000048;;;;;2,099999905;2,099999905;2,099999905;2,099999905;2,099999905;2,400000095;2,400000095;2,400000095;2,5;2,5;2,5;2,5;2,5;2,5;2,599999905;2,1;2,16;2,49;2,47;2,46;2,49;2,5;2,53;2,57;2,61;2,74;2,62;2,66;2,64;2,65;2,63;2,69;2,75;2,8;2,84;2,99;;;
Tuvalu;TUV;Hospital beds (per 1,000 people);SH.MED.BEDS.ZS;;;;;;;;;;;;;;;;;;;;;;;;;;;;;;;;;;;;;;;;;;4,16;;;;;;;;;;;;;;;;;;;;;;
Tanzania;TZA;Hospital beds (per 1,000 people);SH.MED.BEDS.ZS;1,490445852;;;;;;;;;;;;;;;;1,431300044;;1,43719995;;1,397500038;;1,365800023;;1,30309999;;;;1,090399981;;1,024600029;;0,890299976;;;;;;;;;;;;;;1,1;;;0,63;0,74;0,76;;1;0,68;;0,46;;0,43;0,61;0,63;;;
Uganda;UGA;Hospital beds (per 1,000 people);SH.MED.BEDS.ZS;1,480798483;;;;;;;;;;1,558699965;;;;;1,648499966;;;;;;1,512500048;;;;;;;1,315400004;;;0,916199982;;;;;;;;;;;;;0,7;1;1,1;;;0,4;0,5;;;;;;;;;;;;;
Ukraine;UKR;Hospital beds (per 1,000 people);SH.MED.BEDS.ZS;;;;;;;;;;;;;;;;;;;;;12,14350033;12,25329971;12,35779953;12,44480038;12,5909996;12,69499969;12,78759956;12,85060024;12,93039989;13,00640011;13,01309967;12,9691;12,72900009;12,47070026;12,30220032;11,89000034;10,84000015;9,369999886;9,039999962;8,949999809;8,88;8,87;8,9;8,82;8,73;8,69;8,73;8,73;8,75;9,41;9,38;9,05;8,91;8,79;7,44;7,4;7,03;6,92;6,79;6,67;6,26;;;
Upper middle income;UMC;Hospital beds (per 1,000 people);SH.MED.BEDS.ZS;;;;;;;;;;;1,811037912;;;;;2,076965815;;;;;2,801720385;;;;;2,84580776;;3,233179856;;2,939547836;2,831404133;2,896965506;2,864252513;2,92737325;2,835640626;3,067139667;2,882361055;;2,557018784;2,80328593;2,040661174;1,984390727;2,004808196;1,964934394;1,969393319;2,095584276;2,069209472;2,093667345;2,194615241;2,283643225;2,401437526;2,492959284;2,688583947;2,862465304;2,946025203;3,067068462;3,195766219;3,324179877;3,457709719;3,575677444;3,745630169;;;
Uruguay;URY;Hospital beds (per 1,000 people);SH.MED.BEDS.ZS;5,511820316;;;;;;;;;;5,912700176;;;;;5,00180006;;;;;;;;;;3,245800018;;;;;4,522600174;;;4,5;;;4,389999867;;;;;;;1,899999976;;1,04;0,99;0,98;0,95;1,1;2,58;2,55;2,52;2,51;2,47;2,45;2,49;2,44;2,49;2,47;2,49;2,48;;
United States;USA;Hospital beds (per 1,000 people);SH.MED.BEDS.ZS;9,199999809;;;;;8,800000191;;;;;7,900000095;7,5;7,400000095;7,199999809;7,099999905;6,800000191;6,599999905;6,400000095;6,199999809;6,099999905;6;5,900000095;5,900000095;5,800000191;5,699999809;5,5;5,400000095;5,199999809;5,099999905;5;4,900000095;4,800000191;4,599999905;4,5;4,300000191;4,099999905;3,900000095;3,799999952;3,700000048;3,599999905;3,48;3,46;3,38;3,32;3,25;3,19;3,16;3,12;3,11;3,06;3,03;2,94;2,91;2,86;2,8;2,77;2,73;2,82;2,78;2,75;2,74;;;
Uzbekistan;UZB;Hospital beds (per 1,000 people);SH.MED.BEDS.ZS;;;;;;;;;;;;;;;;;;;;;9,176300049;;;;;11,83419991;11,95569992;11,94569969;12,21619987;12,28509998;12,48279953;10,94729996;10,75409985;9,394200325;8,663299561;8,300000191;7,929999828;6,480000019;5,550000191;5,389999867;5,56;5,55;5,75;5,66;5,45;5,36;5,33;5,08;4,96;4,96;4,88;4,81;4,69;4,47;4,3;4,19;4,2;4,25;4,73;4,65;4,78;4,86;;
St. Vincent and the Grenadines;VCT;Hospital beds (per 1,000 people);SH.MED.BEDS.ZS;4,824999809;;;;;;;;;;4,988599777;;;;;;;;;;;;;;;;;;;;4,699999809;;;5,015299797;;;1,850000024;;;;;4,7;4,5;4,5;4,5;4,5;;3;;;2,6;2,54;2,43;2,45;2,46;4,45;4,47;;;3,96;3,98;4,2;;
Venezuela, RB;VEN;Hospital beds (per 1,000 people);SH.MED.BEDS.ZS;;;;;;;;;;;;;;;0,342999995;0,331499994;0,342900008;;;;0,331900001;;0,370400012;0,358200014;0,372799993;2,693099976;2,700099945;2,59829998;2,499599934;;2,677900076;2,677599907;2,572999954;2,599999905;;;1,470000029;;;;;0,800000012;;0,9;;;;1,3;;1,1;;0,94;;;0,79;0,75;0,88;0,91;1,09;0,93;0,99;;;
British Virgin Islands;VGB;Hospital beds (per 1,000 people);SH.MED.BEDS.ZS;;;;;;;;;;;;;;;;;;;;;;;;;;;;;;;;;;;;;;;;;;;;;;;;;;;;;;;;;;;;;;;;
Virgin Islands (U.S.);VIR;Hospital beds (per 1,000 people);SH.MED.BEDS.ZS;;;;;;;;;;;;;;;;;;;;;;;;;;;;;;;4,800000191;;;;;;18,68000031;;;;;;;;;;;;;;;;;;;;;;;;;;;
Viet Nam;VNM;Hospital beds (per 1,000 people);SH.MED.BEDS.ZS;;;;;;;;;;;;;;;;;;;;;3,49729991;3,696099997;;;;;;;;3,301700115;3,832900047;;;;;;;1,669999957;;;1,4;1,41;1,42;1,44;1,51;1,53;1,57;1,68;1,77;1,9;2,02;2,21;2,28;2,31;2,43;2,53;2,49;2,55;;;;;;
Vanuatu;VUT;Hospital beds (per 1,000 people);SH.MED.BEDS.ZS;5,430769444;;;;;;;;;;10,73490047;;;;;;;;;;6,179399967;;;;;;;;;;;;;;;;;;;;;3,099999905;;3,7;;4,1;;;1,68;;;;;;;;;;;;;;;
World;WLD;Hospital beds (per 1,000 people);SH.MED.BEDS.ZS;;;;;;;;;;;3,07463341;;;;;2,400880395;;;;;3,58992531;;;;;4,122378054;;;;;3,630803609;3,418839682;;;;;;;;;3,016560928;2,917694741;2,926007482;2,657876345;2,955836572;2,739870629;2,726090537;2,724402519;2,71289146;2,727023492;2,748232552;2,795020677;2,886215873;2,602074534;2,864380537;2,868086067;2,89541281;3,006096025;3,05203708;3,044075232;3,284202439;;;
Samoa;WSM;Hospital beds (per 1,000 people);SH.MED.BEDS.ZS;5;;;;;;;;;;4,558199883;;;;;;;;;;4,496799946;4,363999844;;;;;;;;;;;;;;;;;;;3,299999952;;1,5;2,04;;0,94;;1;;;;;;;;;;;;;;;;
Kosovo;XKX;Hospital beds (per 1,000 people);SH.MED.BEDS.ZS;;;;;;;;;;;;;;;;;;;;;;;;;;;;;;;;;;;;;;;;;;;;;;;;;;;;;;;;;;;;;;;;
Yemen, Rep.;YEM;Hospital beds (per 1,000 people);SH.MED.BEDS.ZS;0,454545468;;;;;;;;;;0,809700012;;;;;0,865499973;;;;;;;;;;;;;;;0,836199999;;;;;;0,689999998;;0,600000024;;0,59;0,59;0,59;0,59;0,59;0,61;0,66;0,64;0,63;0,65;0,65;0,63;0,62;0,6;0,58;0,71;0,71;0,71;;;;;;
South Africa;ZAF;Hospital beds (per 1,000 people);SH.MED.BEDS.ZS;;;;;;;;;;;;;;;;;;;;;;;;;;;;;;;;;;;;;;;;;;;3,02;;2,8;2,8;;2,36;2,35;;2,28;;;;;;;;;;;;;
Zambia;ZMB;Hospital beds (per 1,000 people);SH.MED.BEDS.ZS;2,801655531;;;;;;;;;;3,161099911;;;;;3,336800098;;;;;;3,482199907;;;;;;;;;;;;;;;;;;;;;;;2;;;;1,9;;2;;;;;;;;;;;;;
Zimbabwe;ZWE;Hospital beds (per 1,000 people);SH.MED.BEDS.ZS;3,876646042;;;;;;;;;;3,495399952;;;;;3,313699961;;;;;3,00270009;;;;;1,393599987;;1,940799952;;;0,510500014;;;;;;;;;;;;;;;;3;;;1,88;1,85;1,82;1,94;;2;;;;;;;;;
